-- phpMyAdmin SQL Dump
-- version 4.8.3
-- https://www.phpmyadmin.net/
-- All images from https://www.flaticon.com/packs/color-design-tools

SET SQL_MODE = "NO_AUTO_VALUE_ON_ZERO";
SET AUTOCOMMIT = 0;
START TRANSACTION;
SET time_zone = "+00:00";


/*!40101 SET @OLD_CHARACTER_SET_CLIENT=@@CHARACTER_SET_CLIENT */;
/*!40101 SET @OLD_CHARACTER_SET_RESULTS=@@CHARACTER_SET_RESULTS */;
/*!40101 SET @OLD_COLLATION_CONNECTION=@@COLLATION_CONNECTION */;
/*!40101 SET NAMES utf8mb4 */;

--
-- DB: `ecommerce`
--

-- --------------------------------------------------------

--
-- Struktura tabeli dla tabeli `address`
--

CREATE TABLE `address` (
  `address_id` int(11) NOT NULL,
  `user_id` int(11) NOT NULL,
  `address` text COLLATE utf16_persian_ci NOT NULL,
  `country` text COLLATE utf16_persian_ci NOT NULL,
  `state` text COLLATE utf16_persian_ci NOT NULL,
  `zip` text COLLATE utf16_persian_ci NOT NULL
) ENGINE=InnoDB DEFAULT CHARSET=utf16 COLLATE=utf16_persian_ci;

--
-- Zrzut danych tabeli `address`
--

INSERT INTO `address` (`address_id`, `user_id`, `address`, `country`, `state`, `zip`) VALUES
(1, 1, '123 Main st', 'United States', 'California', '90001'),
(3, 2, '123', 'United State', 'California', '90001');

-- --------------------------------------------------------

--
-- Struktura tabeli dla tabeli `carts`
--

CREATE TABLE `carts` (
  `cart_id` int(11) NOT NULL,
  `user_id` int(11) NOT NULL,
  `product_id` int(11) NOT NULL
) ENGINE=InnoDB DEFAULT CHARSET=utf16 COLLATE=utf16_persian_ci;

-- --------------------------------------------------------

--
-- Struktura tabeli dla tabeli `orders`
--

CREATE TABLE `orders` (
  `order_id` int(11) NOT NULL,
  `shipping_id` int(11) NOT NULL,
  `product_id` int(11) NOT NULL
) ENGINE=InnoDB DEFAULT CHARSET=utf16 COLLATE=utf16_persian_ci;

--
-- Zrzut danych tabeli `orders`
--

INSERT INTO `orders` (`order_id`, `shipping_id`, `product_id`) VALUES
(1, 1, 1),
(2, 2, 9),
(3, 6, 3),
(4, 6, 4),
(5, 6, 1),
(6, 6, 1),
(7, 6, 4),
(8, 6, 3),
(9, 6, 1),
(10, 6, 1),
(11, 6, 4),
(12, 6, 4),
(13, 6, 3),
(14, 6, 1),
(15, 6, 1),
(16, 6, 4),
(17, 6, 4),
(18, 6, 1),
(19, 6, 1),
(20, 6, 4),
(21, 6, 5),
(22, 6, 6),
(23, 6, 3),
(24, 6, 8),
(25, 6, 3),
(26, 6, 3),
(27, 6, 4),
(28, 6, 4),
(29, 6, 3),
(30, 6, 7),
(31, 7, 3),
(32, 7, 4),
(33, 7, 1),
(34, 7, 1),
(35, 7, 4),
(36, 7, 3),
(37, 7, 1),
(38, 7, 1),
(39, 7, 4),
(40, 7, 4),
(41, 7, 3),
(42, 7, 1),
(43, 7, 1),
(44, 7, 4),
(45, 7, 4),
(46, 7, 1),
(47, 7, 1),
(48, 7, 4),
(49, 7, 5),
(50, 7, 6),
(51, 7, 3),
(52, 7, 8),
(53, 7, 3),
(54, 7, 3),
(55, 7, 4),
(56, 7, 4),
(57, 7, 3),
(58, 7, 7),
(59, 8, 4);

-- --------------------------------------------------------

--
-- Struktura tabeli dla tabeli `payments`
--

CREATE TABLE `payments` (
  `user_id` int(11) NOT NULL,
  `name` text COLLATE utf16_persian_ci NOT NULL,
  `number` bigint(16) NOT NULL,
  `expiration` date NOT NULL,
  `ccv` int(11) NOT NULL
) ENGINE=InnoDB DEFAULT CHARSET=utf16 COLLATE=utf16_persian_ci;

--
-- Zrzut danych tabeli `payments`
--

INSERT INTO `payments` (`user_id`, `name`, `number`, `expiration`, `ccv`) VALUES
(1, 'Joe Doe', 4111111111111112, '2018-12-01', 123);

-- --------------------------------------------------------

--
-- Struktura tabeli dla tabeli `products`
--

CREATE TABLE `products` (
  `product_id` int(11) NOT NULL,
  `name` text COLLATE utf16_persian_ci NOT NULL,
  `price` int(11) NOT NULL,
  `description` text COLLATE utf16_persian_ci NOT NULL,
  `svg` text COLLATE utf16_persian_ci NOT NULL
) ENGINE=InnoDB DEFAULT CHARSET=utf16 COLLATE=utf16_persian_ci;

--
-- Zrzut danych tabeli `products`
--

INSERT INTO `products` (`product_id`, `name`, `price`, `description`, `svg`) VALUES
(1, 'Smartwatch', 300, 'Unde, amet!,\r\nQuae, dolore!,\r\nDolorem, accusamus!,\r\nUllam, consequatur!,\r\nDolorum, quidem.,\r\nHarum, consequuntur.,\r\nNostrum, veniam.,\r\nTenetur, excepturi!,\r\nUnde, eos.,\r\nNecessitatibus, quod.', 'data:image/svg+xml;base64,PD94bWwgdmVyc2lvbj0iMS4wIiBlbmNvZGluZz0iaXNvLTg4NTktMSI/Pg0KPCEtLSBHZW5lcmF0b3I6IEFkb2JlIElsbHVzdHJhdG9yIDIxLjAuMCwgU1ZHIEV4cG9ydCBQbHVnLUluIC4gU1ZHIFZlcnNpb246IDYuMDAgQnVpbGQgMCkgIC0tPg0KPHN2ZyB2ZXJzaW9uPSIxLjEiIGlkPSJDYXBhXzEiIHhtbG5zPSJodHRwOi8vd3d3LnczLm9yZy8yMDAwL3N2ZyIgeG1sbnM6eGxpbms9Imh0dHA6Ly93d3cudzMub3JnLzE5OTkveGxpbmsiIHg9IjBweCIgeT0iMHB4Ig0KCSB2aWV3Qm94PSIwIDAgNTEyIDUxMiIgc3R5bGU9ImVuYWJsZS1iYWNrZ3JvdW5kOm5ldyAwIDAgNTEyIDUxMjsiIHhtbDpzcGFjZT0icHJlc2VydmUiPg0KPGc+DQoJPHBhdGggc3R5bGU9ImZpbGw6IzgwODA4MDsiIGQ9Ik0zNTYuOTU2LDQ4OC4xMWMwLDEzLjE5NC0xMC42OTYsMjMuODktMjMuODksMjMuODlIMTc4LjkzNGMtMTMuMTk0LDAtMjMuODktMTAuNjk2LTIzLjg5LTIzLjg5DQoJCWwwLjEyNS04OS44ODFsMTAyLjM1LTEyLjE5NGw5OS4zMTIsMTIuMjA1TDM1Ni45NTYsNDg4LjExeiIvPg0KCTxwYXRoIHN0eWxlPSJmaWxsOiM4MDgwODA7IiBkPSJNMTU1LjA1LDIzLjg5QzE1NS4wNSwxMC42OTYsMTY1Ljc0NiwwLDE3OC45NCwwaDE1NC4xMzFjMTMuMTk0LDAsMjMuODksMTAuNjk2LDIzLjg5LDIzLjg5DQoJCWwtMC4xMjUsODkuODgxbC0xMDIuMzUsMTIuMTk0bC05OS4zMTItMTIuMjA1TDE1NS4wNSwyMy44OXoiLz4NCjwvZz4NCjxwb2x5Z29uIHN0eWxlPSJmaWxsOiM2MTYxNjE7IiBwb2ludHM9IjE1NS4xMjQsNDM5LjA5OSAzNTYuODc2LDQzOS4wOTkgMzU2LjgzMSwzOTguMjQgMjU3LjUxOSwzODYuMDM1IDE1NS4xNjksMzk4LjIyOSAiLz4NCjxwYXRoIHN0eWxlPSJmaWxsOiNDQ0NDQ0M7IiBkPSJNMzU2LjgzMSwxMTMuNzZjLTIuNzY5LTAuNDY1LTUuNjI4LTAuNzE1LTguNTMzLTAuNzE1SDE2My43MTNjLTIuOTE2LDAtNS43NjQsMC4yNS04LjU0NCwwLjcyNg0KCWMtMjMuOTE4LDQuMDUxLTQyLjEzLDI0Ljg3Mi00Mi4xMyw0OS45MzZ2MTg0LjU4NWMwLDI1LjA2NCwxOC4yMTEsNDUuODg1LDQyLjEzLDQ5LjkzNmMyLjc4LDAuNDc2LDUuNjI4LDAuNzI2LDguNTQ0LDAuNzI2aDE4NC41ODUNCgljMi45MDUsMCw1Ljc2NC0wLjI0OSw4LjUzMy0wLjcxNWMyMy45MTgtNC4wNjIsNDIuMTMtMjQuODcxLDQyLjEzLTQ5Ljk0N1YxNjMuNzA4QzM5OC45NiwxMzguNjMyLDM4MC43NDksMTE3LjgyMiwzNTYuODMxLDExMy43NnoiDQoJLz4NCjxwYXRoIHN0eWxlPSJmaWxsOiNBREFEQUQ7IiBkPSJNMzU2LjgzMSwxMTMuNzZjLTIuNzY5LTAuNDY1LTUuNjI4LTAuNzE1LTguNTMzLTAuNzE1SDMzMy45OWMwLDAtMTQzLjU5LDI4NS45MDktMTQyLjYxOSwyODUuOTA5DQoJaDE1Ni45MjdjMi45MDUsMCw1Ljc2NC0wLjI0OSw4LjUzMy0wLjcxNWMyMy45MTgtNC4wNjIsNDIuMTMtMjQuODcxLDQyLjEzLTQ5Ljk0N1YxNjMuNzA4DQoJQzM5OC45NiwxMzguNjMyLDM4MC43NDksMTE3LjgyMiwzNTYuODMxLDExMy43NnoiLz4NCjxwYXRoIHN0eWxlPSJmaWxsOiM0RDRENEQ7IiBkPSJNMzYxLjUxNywxNjguMjIzdjE3NS41NjVjMCw5Ljc5Mi03Ljk0MywxNy43MjMtMTcuNzM1LDE3LjcyM0gxNjguMjE4DQoJYy05Ljc5MiwwLTE3LjczNS03LjkzMS0xNy43MzUtMTcuNzIzVjE2OC4yMjNjMC05LjgwMyw3Ljk0My0xNy43MzUsMTcuNzM1LTE3LjczNWgxNzUuNTY1DQoJQzM1My41NzQsMTUwLjQ4OSwzNjEuNTE3LDE1OC40MiwzNjEuNTE3LDE2OC4yMjN6Ii8+DQo8cGF0aCBzdHlsZT0iZmlsbDojM0IzQjNCOyIgZD0iTTM0My43ODIsMTUwLjc4N2gtMjguNTg2Yy0yNy40OSw1NC43OTEtNzguMzQzLDE1Ni4yMzEtMTA1LjU0MywyMTEuMDIyaDEzNC4xMjkNCgljOS43OTIsMCwxNy43MzUtNy45MzEsMTcuNzM1LTE3LjcyM1YxNjguNTIyQzM2MS41MTcsMTU4LjcxOCwzNTMuNTc0LDE1MC43ODcsMzQzLjc4MiwxNTAuNzg3eiIvPg0KPHBhdGggc3R5bGU9ImZpbGw6I0ZGQTYzODsiIGQ9Ik0yMTcuMDYsMjk1LjAxNGMtMS45MTksMC0zLjgzOS0wLjczMi01LjMwMy0yLjE5N2wtMzEuNTE0LTMxLjUxNGMtMi45MjktMi45MjktMi45MjktNy42NzgsMC0xMC42MDYNCglsMzEuNTE0LTMxLjUxNGMyLjkyOS0yLjkyOSw3LjY3OC0yLjkyOSwxMC42MDYsMGMyLjkyOSwyLjkyOSwyLjkyOSw3LjY3OCwwLDEwLjYwNkwxOTYuMTUyLDI1NmwyNi4yMTEsMjYuMjExDQoJYzIuOTI5LDIuOTI5LDIuOTI5LDcuNjc4LDAsMTAuNjA2QzIyMC44OTksMjk0LjI4MSwyMTguOTc5LDI5NS4wMTQsMjE3LjA2LDI5NS4wMTR6Ii8+DQo8cGF0aCBzdHlsZT0iZmlsbDojRUQ4MzAwOyIgZD0iTTI5NC45NCwyOTUuMDE0Yy0xLjkxOSwwLTMuODM5LTAuNzMyLTUuMzAzLTIuMTk3Yy0yLjkyOS0yLjkyOS0yLjkyOS03LjY3OCwwLTEwLjYwNkwzMTUuODQ4LDI1Ng0KCWwtMjYuMjExLTI2LjIxMWMtMi45MjktMi45MjktMi45MjktNy42NzgsMC0xMC42MDZjMi45MjktMi45MjksNy42NzgtMi45MjksMTAuNjA2LDBsMzEuNTE0LDMxLjUxNA0KCWMyLjkyOSwyLjkyOSwyLjkyOSw3LjY3OCwwLDEwLjYwNmwtMzEuNTE0LDMxLjUxNEMyOTguNzc5LDI5NC4yODEsMjk2Ljg1OSwyOTUuMDE0LDI5NC45NCwyOTUuMDE0eiIvPg0KPHBhdGggc3R5bGU9ImZpbGw6I0ZGQTYzODsiIGQ9Ik0yNDMuNDA0LDMyMC4yMjRjLTAuNDc5LDAtMC45NjYtMC4wNDYtMS40NTQtMC4xNDJjLTQuMDY0LTAuNzk4LTYuNzEyLTQuNzQxLTUuOTE0LTguODA1DQoJbDIyLjI4NC0xMTMuNDQ2YzAuNzk4LTQuMDY0LDQuNzQxLTYuNzA5LDguODA1LTUuOTE0YzQuMDY0LDAuNzk4LDYuNzEyLDQuNzQxLDUuOTE0LDguODA1bC0yMi4yODQsMTEzLjQ0Ng0KCUMyNTAuMDUyLDMxNy43NDQsMjQ2LjkxNiwzMjAuMjI0LDI0My40MDQsMzIwLjIyNHoiLz4NCjxwYXRoIHN0eWxlPSJmaWxsOiNFRDgzMDA7IiBkPSJNMjQxLjk1LDMyMC4wODJjMC40ODgsMC4wOTYsMC45NzUsMC4xNDIsMS40NTQsMC4xNDJjMy41MTIsMCw2LjY0OC0yLjQ3OSw3LjM1MS02LjA1NmwxMS4yNDItNTcuMjMyDQoJYy04LjU3MSwxNy4xMjUtMTcuMTI4LDM0LjIzNC0yNS4xNzcsNTAuMzUybC0wLjc4NCwzLjk4OUMyMzUuMjM4LDMxNS4zNDEsMjM3Ljg4NSwzMTkuMjgzLDI0MS45NSwzMjAuMDgyeiIvPg0KPGc+DQo8L2c+DQo8Zz4NCjwvZz4NCjxnPg0KPC9nPg0KPGc+DQo8L2c+DQo8Zz4NCjwvZz4NCjxnPg0KPC9nPg0KPGc+DQo8L2c+DQo8Zz4NCjwvZz4NCjxnPg0KPC9nPg0KPGc+DQo8L2c+DQo8Zz4NCjwvZz4NCjxnPg0KPC9nPg0KPGc+DQo8L2c+DQo8Zz4NCjwvZz4NCjxnPg0KPC9nPg0KPC9zdmc+DQo='),
(3, 'CPU', 250, 'Lorem ipsum dolor sit amet, consectetur adipiscing elit. Maecenas ornare eget tellus eget aliquet. Pellentesque massa quam, venenatis non ligula a, venenatis consequat magna. Curabitur eget sem tortor. Duis semper, erat at rhoncus imperdiet, massa ipsum interdum leo, in pretium nunc ligula eget enim. Morbi tincidunt risus in lobortis venenatis. Sed quis nunc est. Mauris vehicula, orci a volutpat mollis, leo odio pulvinar turpis, in pulvinar erat sem a lectus. Nam porta arcu id leo blandit, eu convallis dolor accumsan. Suspendisse ligula tortor, varius vel pharetra in, mattis id felis. Aliquam commodo massa et ligula dapibus, sed malesuada eros fringilla. Duis eget diam aliquam, varius metus suscipit, congue lorem. Curabitur porttitor tortor at viverra rutrum. Donec et pharetra nisi.', 'data:image/svg+xml;base64,PD94bWwgdmVyc2lvbj0iMS4wIiBlbmNvZGluZz0iaXNvLTg4NTktMSI/Pg0KPCEtLSBHZW5lcmF0b3I6IEFkb2JlIElsbHVzdHJhdG9yIDIxLjAuMCwgU1ZHIEV4cG9ydCBQbHVnLUluIC4gU1ZHIFZlcnNpb246IDYuMDAgQnVpbGQgMCkgIC0tPg0KPHN2ZyB2ZXJzaW9uPSIxLjEiIGlkPSJDYXBhXzEiIHhtbG5zPSJodHRwOi8vd3d3LnczLm9yZy8yMDAwL3N2ZyIgeG1sbnM6eGxpbms9Imh0dHA6Ly93d3cudzMub3JnLzE5OTkveGxpbmsiIHg9IjBweCIgeT0iMHB4Ig0KCSB2aWV3Qm94PSIwIDAgNTEyIDUxMiIgc3R5bGU9ImVuYWJsZS1iYWNrZ3JvdW5kOm5ldyAwIDAgNTEyIDUxMjsiIHhtbDpzcGFjZT0icHJlc2VydmUiPg0KPHBhdGggc3R5bGU9ImZpbGw6IzRENEQ0RDsiIGQ9Ik0xMDQuOTg4LDgyLjMyOEg0MDUuMDJjMTMuNzY2LDAsMjQuOTI1LDExLjE1OSwyNC45MjUsMjQuOTI1djMwMC4wMzINCgljMCwxMy43NjUtMTEuMTU5LDI0LjkyNS0yNC45MjUsMjQuOTI1SDEwNC45ODhjLTEzLjc2NSwwLTI0LjkyNS0xMS4xNTktMjQuOTI1LTI0LjkyNVYxMDcuMjUzDQoJQzgwLjA2Myw5My40ODgsOTEuMjIyLDgyLjMyOCwxMDQuOTg4LDgyLjMyOHoiLz4NCjxwYXRoIHN0eWxlPSJmaWxsOiMzQjNCM0I7IiBkPSJNMzk5LjYzMiw4Mi4zMjhoLTQwLjkzOEwxNTEuMzEzLDQzMi4yMWgyNDguMzE5YzE2Ljc0MSwwLDMwLjMxMi0xMy41NzEsMzAuMzEyLTMwLjMxMlYxMTIuNjQNCglDNDI5Ljk0NCw5NS45LDQxNi4zNzMsODIuMzI4LDM5OS42MzIsODIuMzI4eiIvPg0KPHJlY3QgeD0iMTg5LjYiIHk9IjE5MS44NyIgc3R5bGU9ImZpbGw6I0NDQ0NDQzsiIHdpZHRoPSIxMzAuOCIgaGVpZ2h0PSIxMzAuOCIvPg0KPHBvbHlnb24gc3R5bGU9ImZpbGw6I0FEQURBRDsiIHBvaW50cz0iMzIwLjQwMiwzMjIuNjY3IDMyMC40MDIsMTkxLjg3MSAyOTMuNzY3LDE5MS44NzEgMjE2LjI0MSwzMjIuNjY3ICIvPg0KPGc+DQoJPHBhdGggc3R5bGU9ImZpbGw6I0VCRUJFQjsiIGQ9Ik0xNDIuNDQ3LDExMC40NWMtNC4xNDIsMC03LjUtMy4zNTgtNy41LTcuNVY3LjVjMC00LjE0MiwzLjM1OC03LjUsNy41LTcuNXM3LjUsMy4zNTgsNy41LDcuNXY5NS40NQ0KCQlDMTQ5Ljk0NywxMDcuMDkzLDE0Ni41ODksMTEwLjQ1LDE0Mi40NDcsMTEwLjQ1eiIvPg0KCTxwYXRoIHN0eWxlPSJmaWxsOiNFQkVCRUI7IiBkPSJNMTk5LjIyNCwxMTAuNDVjLTQuMTQyLDAtNy41LTMuMzU4LTcuNS03LjVWNy41YzAtNC4xNDIsMy4zNTgtNy41LDcuNS03LjVzNy41LDMuMzU4LDcuNSw3LjV2OTUuNDUNCgkJQzIwNi43MjQsMTA3LjA5MywyMDMuMzY2LDExMC40NSwxOTkuMjI0LDExMC40NXoiLz4NCgk8cGF0aCBzdHlsZT0iZmlsbDojRUJFQkVCOyIgZD0iTTI1NiwxMTAuNDVjLTQuMTQyLDAtNy41LTMuMzU4LTcuNS03LjVWNy41YzAtNC4xNDIsMy4zNTgtNy41LDcuNS03LjVzNy41LDMuMzU4LDcuNSw3LjV2OTUuNDUNCgkJQzI2My41LDEwNy4wOTMsMjYwLjE0MiwxMTAuNDUsMjU2LDExMC40NXoiLz4NCgk8cGF0aCBzdHlsZT0iZmlsbDojRUJFQkVCOyIgZD0iTTMxMi43NzcsMTEwLjQ1Yy00LjE0MiwwLTcuNS0zLjM1OC03LjUtNy41VjcuNWMwLTQuMTQyLDMuMzU4LTcuNSw3LjUtNy41czcuNSwzLjM1OCw3LjUsNy41djk1LjQ1DQoJCUMzMjAuMjc3LDEwNy4wOTMsMzE2LjkxOSwxMTAuNDUsMzEyLjc3NywxMTAuNDV6Ii8+DQoJPHBhdGggc3R5bGU9ImZpbGw6I0VCRUJFQjsiIGQ9Ik0zNjkuNTUzLDExMC40NWMtNC4xNDIsMC03LjUtMy4zNTgtNy41LTcuNVY3LjVjMC00LjE0MiwzLjM1OC03LjUsNy41LTcuNXM3LjUsMy4zNTgsNy41LDcuNXY5NS40NQ0KCQlDMzc3LjA1MywxMDcuMDkzLDM3My42OTUsMTEwLjQ1LDM2OS41NTMsMTEwLjQ1eiIvPg0KCTxwYXRoIHN0eWxlPSJmaWxsOiNFQkVCRUI7IiBkPSJNMTQyLjQ0Nyw1MTJjLTQuMTQyLDAtNy41LTMuMzU4LTcuNS03LjV2LTk1LjQ1YzAtNC4xNDIsMy4zNTgtNy41LDcuNS03LjVzNy41LDMuMzU4LDcuNSw3LjV2OTUuNDUNCgkJQzE0OS45NDcsNTA4LjY0MiwxNDYuNTg5LDUxMiwxNDIuNDQ3LDUxMnoiLz4NCgk8cGF0aCBzdHlsZT0iZmlsbDojRUJFQkVCOyIgZD0iTTE5OS4yMjQsNTEyYy00LjE0MiwwLTcuNS0zLjM1OC03LjUtNy41di05NS40NWMwLTQuMTQyLDMuMzU4LTcuNSw3LjUtNy41czcuNSwzLjM1OCw3LjUsNy41djk1LjQ1DQoJCUMyMDYuNzI0LDUwOC42NDIsMjAzLjM2Niw1MTIsMTk5LjIyNCw1MTJ6Ii8+DQoJPHBhdGggc3R5bGU9ImZpbGw6I0VCRUJFQjsiIGQ9Ik0yNTYsNTEyYy00LjE0MiwwLTcuNS0zLjM1OC03LjUtNy41di05NS40NWMwLTQuMTQyLDMuMzU4LTcuNSw3LjUtNy41czcuNSwzLjM1OCw3LjUsNy41djk1LjQ1DQoJCUMyNjMuNSw1MDguNjQyLDI2MC4xNDIsNTEyLDI1Niw1MTJ6Ii8+DQoJPHBhdGggc3R5bGU9ImZpbGw6I0VCRUJFQjsiIGQ9Ik0zMTIuNzc3LDUxMmMtNC4xNDIsMC03LjUtMy4zNTgtNy41LTcuNXYtOTUuNDVjMC00LjE0MiwzLjM1OC03LjUsNy41LTcuNXM3LjUsMy4zNTgsNy41LDcuNXY5NS40NQ0KCQlDMzIwLjI3Nyw1MDguNjQyLDMxNi45MTksNTEyLDMxMi43NzcsNTEyeiIvPg0KCTxwYXRoIHN0eWxlPSJmaWxsOiNFQkVCRUI7IiBkPSJNMzY5LjU1Myw1MTJjLTQuMTQyLDAtNy41LTMuMzU4LTcuNS03LjV2LTk1LjQ1YzAtNC4xNDIsMy4zNTgtNy41LDcuNS03LjVzNy41LDMuMzU4LDcuNSw3LjV2OTUuNDUNCgkJQzM3Ny4wNTMsNTA4LjY0MiwzNzMuNjk1LDUxMiwzNjkuNTUzLDUxMnoiLz4NCgk8cGF0aCBzdHlsZT0iZmlsbDojRUJFQkVCOyIgZD0iTTUwNC41LDE0OS45NDdoLTk1LjQ1Yy00LjE0MiwwLTcuNS0zLjM1OC03LjUtNy41czMuMzU4LTcuNSw3LjUtNy41aDk1LjQ1DQoJCWM0LjE0MiwwLDcuNSwzLjM1OCw3LjUsNy41UzUwOC42NDIsMTQ5Ljk0Nyw1MDQuNSwxNDkuOTQ3eiIvPg0KCTxwYXRoIHN0eWxlPSJmaWxsOiNFQkVCRUI7IiBkPSJNNTA0LjUsMjA2LjcyNGgtOTUuNDVjLTQuMTQyLDAtNy41LTMuMzU4LTcuNS03LjVzMy4zNTgtNy41LDcuNS03LjVoOTUuNDUNCgkJYzQuMTQyLDAsNy41LDMuMzU4LDcuNSw3LjVTNTA4LjY0MiwyMDYuNzI0LDUwNC41LDIwNi43MjR6Ii8+DQoJPHBhdGggc3R5bGU9ImZpbGw6I0VCRUJFQjsiIGQ9Ik01MDQuNSwyNjMuNWgtOTUuNDVjLTQuMTQyLDAtNy41LTMuMzU4LTcuNS03LjVzMy4zNTgtNy41LDcuNS03LjVoOTUuNDVjNC4xNDIsMCw3LjUsMy4zNTgsNy41LDcuNQ0KCQlTNTA4LjY0MiwyNjMuNSw1MDQuNSwyNjMuNXoiLz4NCgk8cGF0aCBzdHlsZT0iZmlsbDojRUJFQkVCOyIgZD0iTTUwNC41LDMyMC4yNzdoLTk1LjQ1Yy00LjE0MiwwLTcuNS0zLjM1OC03LjUtNy41czMuMzU4LTcuNSw3LjUtNy41aDk1LjQ1DQoJCWM0LjE0MiwwLDcuNSwzLjM1OCw3LjUsNy41UzUwOC42NDIsMzIwLjI3Nyw1MDQuNSwzMjAuMjc3eiIvPg0KCTxwYXRoIHN0eWxlPSJmaWxsOiNFQkVCRUI7IiBkPSJNNTA0LjUsMzc3LjA1M2gtOTUuNDVjLTQuMTQyLDAtNy41LTMuMzU4LTcuNS03LjVzMy4zNTgtNy41LDcuNS03LjVoOTUuNDUNCgkJYzQuMTQyLDAsNy41LDMuMzU4LDcuNSw3LjVTNTA4LjY0MiwzNzcuMDUzLDUwNC41LDM3Ny4wNTN6Ii8+DQoJPHBhdGggc3R5bGU9ImZpbGw6I0VCRUJFQjsiIGQ9Ik0xMDIuOTUxLDE0OS45NDdINy41Yy00LjE0MiwwLTcuNS0zLjM1OC03LjUtNy41czMuMzU4LTcuNSw3LjUtNy41aDk1LjQ1MQ0KCQljNC4xNDIsMCw3LjUsMy4zNTgsNy41LDcuNVMxMDcuMDkzLDE0OS45NDcsMTAyLjk1MSwxNDkuOTQ3eiIvPg0KCTxwYXRoIHN0eWxlPSJmaWxsOiNFQkVCRUI7IiBkPSJNMTAyLjk1MSwyMDYuNzI0SDcuNWMtNC4xNDIsMC03LjUtMy4zNTgtNy41LTcuNXMzLjM1OC03LjUsNy41LTcuNWg5NS40NTENCgkJYzQuMTQyLDAsNy41LDMuMzU4LDcuNSw3LjVTMTA3LjA5MywyMDYuNzI0LDEwMi45NTEsMjA2LjcyNHoiLz4NCgk8cGF0aCBzdHlsZT0iZmlsbDojRUJFQkVCOyIgZD0iTTEwMi45NTEsMjYzLjVINy41Yy00LjE0MiwwLTcuNS0zLjM1OC03LjUtNy41czMuMzU4LTcuNSw3LjUtNy41aDk1LjQ1MWM0LjE0MiwwLDcuNSwzLjM1OCw3LjUsNy41DQoJCVMxMDcuMDkzLDI2My41LDEwMi45NTEsMjYzLjV6Ii8+DQoJPHBhdGggc3R5bGU9ImZpbGw6I0VCRUJFQjsiIGQ9Ik0xMDIuOTUxLDMyMC4yNzdINy41Yy00LjE0MiwwLTcuNS0zLjM1OC03LjUtNy41czMuMzU4LTcuNSw3LjUtNy41aDk1LjQ1MQ0KCQljNC4xNDIsMCw3LjUsMy4zNTgsNy41LDcuNVMxMDcuMDkzLDMyMC4yNzcsMTAyLjk1MSwzMjAuMjc3eiIvPg0KCTxwYXRoIHN0eWxlPSJmaWxsOiNFQkVCRUI7IiBkPSJNMTAyLjk1MSwzNzcuMDUzSDcuNWMtNC4xNDIsMC03LjUtMy4zNTgtNy41LTcuNXMzLjM1OC03LjUsNy41LTcuNWg5NS40NTENCgkJYzQuMTQyLDAsNy41LDMuMzU4LDcuNSw3LjVTMTA3LjA5MywzNzcuMDUzLDEwMi45NTEsMzc3LjA1M3oiLz4NCjwvZz4NCjxnPg0KPC9nPg0KPGc+DQo8L2c+DQo8Zz4NCjwvZz4NCjxnPg0KPC9nPg0KPGc+DQo8L2c+DQo8Zz4NCjwvZz4NCjxnPg0KPC9nPg0KPGc+DQo8L2c+DQo8Zz4NCjwvZz4NCjxnPg0KPC9nPg0KPGc+DQo8L2c+DQo8Zz4NCjwvZz4NCjxnPg0KPC9nPg0KPGc+DQo8L2c+DQo8Zz4NCjwvZz4NCjwvc3ZnPg0K'),
(4, 'Diskette', 2, 'Unde, amet!,\r\nQuae, dolore!,', 'data:image/svg+xml;base64,PD94bWwgdmVyc2lvbj0iMS4wIiBlbmNvZGluZz0iaXNvLTg4NTktMSI/Pg0KPCEtLSBHZW5lcmF0b3I6IEFkb2JlIElsbHVzdHJhdG9yIDIxLjAuMCwgU1ZHIEV4cG9ydCBQbHVnLUluIC4gU1ZHIFZlcnNpb246IDYuMDAgQnVpbGQgMCkgIC0tPg0KPHN2ZyB2ZXJzaW9uPSIxLjEiIGlkPSJDYXBhXzEiIHhtbG5zPSJodHRwOi8vd3d3LnczLm9yZy8yMDAwL3N2ZyIgeG1sbnM6eGxpbms9Imh0dHA6Ly93d3cudzMub3JnLzE5OTkveGxpbmsiIHg9IjBweCIgeT0iMHB4Ig0KCSB2aWV3Qm94PSIwIDAgNTEyIDUxMiIgc3R5bGU9ImVuYWJsZS1iYWNrZ3JvdW5kOm5ldyAwIDAgNTEyIDUxMjsiIHhtbDpzcGFjZT0icHJlc2VydmUiPg0KPHBvbHlnb24gc3R5bGU9ImZpbGw6IzNCM0IzQjsiIHBvaW50cz0iNDU2LjYxMiwwIDM5Ni41NzgsMCAxNDUuMDE4LDAgNzYuOTQ4LDAgMCwwIDAsNTEyIDc2Ljk0OCw1MTIgMzk2LjU3OCw1MTIgNTEyLDUxMiANCgk1MTIsNTUuMzg4ICIvPg0KPHBhdGggc3R5bGU9ImZpbGw6IzJCMkIyQjsiIGQ9Ik00NTYuNjEyLDBIMzU1LjY1NmMtNS4xNTUsMTg0LjM5Ni01Mi42ODQsMzU4LjE5LTEzMy4xOTgsNTEyaDE3NC4xMmgxMDAuNjI0DQoJYzguMTcyLDAsMTQuNzk4LTYuNjI1LDE0Ljc5OC0xNC43OThWNTUuMzg4TDQ1Ni42MTIsMHoiLz4NCjxyZWN0IHg9Ijk2LjE4IiB5PSIyNTYiIHN0eWxlPSJmaWxsOiNFQkVCRUI7IiB3aWR0aD0iMzE5LjYzIiBoZWlnaHQ9IjI1NiIvPg0KPHBhdGggc3R5bGU9ImZpbGw6I0NDQ0NDQzsiIGQ9Ik0zMjAuMjcsMjU2Yy0yMi43MTgsODkuODkyLTU1Ljc2MywxNzUuNjczLTk3LjgxMSwyNTZoMTc0LjEyaDE5LjIzM1YyNTZIMzIwLjI3eiIvPg0KPHBvbHlnb24gc3R5bGU9ImZpbGw6IzRENEQ0RDsiIHBvaW50cz0iMTY0LjI1LDAgMTg2LjAyNiw4MS42MTEgMTY0LjI1LDE3MS42NTMgOTYuMTgxLDE3MS42NTMgOTYuMTgxLDAgIi8+DQo8cmVjdCB4PSIxNjQuMjUiIHN0eWxlPSJmaWxsOiNDQ0NDQ0M7IiB3aWR0aD0iMjUxLjU2IiBoZWlnaHQ9IjE3MS42NSIvPg0KPHBhdGggc3R5bGU9ImZpbGw6I0FEQURBRDsiIGQ9Ik00MTUuODExLDE3MS42NTNWMGgtNjAuMTU0Yy0xLjYzMiw1OC4zOC03LjUxNywxMTUuNjk2LTE3LjM0NiwxNzEuNjUzSDQxNS44MTF6Ii8+DQo8cGF0aCBzdHlsZT0iZmlsbDojMkIyQjJCOyIgZD0iTTM1MC43MDEsMTMwLjMyMmMtNC4xNDMsMC03LjUtMy4zNTgtNy41LTcuNVY0OC44MzRjMC00LjE0MiwzLjM1Ny03LjUsNy41LTcuNXM3LjUsMy4zNTgsNy41LDcuNQ0KCXY3My45ODlDMzU4LjIwMSwxMjYuOTY0LDM1NC44NDQsMTMwLjMyMiwzNTAuNzAxLDEzMC4zMjJ6Ii8+DQo8Zz4NCgk8cGF0aCBzdHlsZT0iZmlsbDojM0IzQjNCOyIgZD0iTTM1MC43MDEsMzM2LjAxaC0xODkuNDFjLTQuMTQyLDAtNy41LTMuMzU4LTcuNS03LjVzMy4zNTgtNy41LDcuNS03LjVoMTg5LjQxDQoJCWM0LjE0MywwLDcuNSwzLjM1OCw3LjUsNy41UzM1NC44NDQsMzM2LjAxLDM1MC43MDEsMzM2LjAxeiIvPg0KCTxwYXRoIHN0eWxlPSJmaWxsOiMzQjNCM0I7IiBkPSJNMzUwLjcwMSwzOTUuMjAxaC0xODkuNDFjLTQuMTQyLDAtNy41LTMuMzU4LTcuNS03LjVzMy4zNTgtNy41LDcuNS03LjVoMTg5LjQxDQoJCWM0LjE0MywwLDcuNSwzLjM1OCw3LjUsNy41UzM1NC44NDQsMzk1LjIwMSwzNTAuNzAxLDM5NS4yMDF6Ii8+DQoJPHBhdGggc3R5bGU9ImZpbGw6IzNCM0IzQjsiIGQ9Ik0zNTAuNzAxLDQ1NC4zOTJoLTE4OS40MWMtNC4xNDIsMC03LjUtMy4zNTgtNy41LTcuNXMzLjM1OC03LjUsNy41LTcuNWgxODkuNDENCgkJYzQuMTQzLDAsNy41LDMuMzU4LDcuNSw3LjVTMzU0Ljg0NCw0NTQuMzkyLDM1MC43MDEsNDU0LjM5MnoiLz4NCjwvZz4NCjxnPg0KPC9nPg0KPGc+DQo8L2c+DQo8Zz4NCjwvZz4NCjxnPg0KPC9nPg0KPGc+DQo8L2c+DQo8Zz4NCjwvZz4NCjxnPg0KPC9nPg0KPGc+DQo8L2c+DQo8Zz4NCjwvZz4NCjxnPg0KPC9nPg0KPGc+DQo8L2c+DQo8Zz4NCjwvZz4NCjxnPg0KPC9nPg0KPGc+DQo8L2c+DQo8Zz4NCjwvZz4NCjwvc3ZnPg0K'),
(5, 'Mause', 50, '', 'data:image/svg+xml;base64,PD94bWwgdmVyc2lvbj0iMS4wIiBlbmNvZGluZz0iaXNvLTg4NTktMSI/Pg0KPCEtLSBHZW5lcmF0b3I6IEFkb2JlIElsbHVzdHJhdG9yIDIxLjAuMCwgU1ZHIEV4cG9ydCBQbHVnLUluIC4gU1ZHIFZlcnNpb246IDYuMDAgQnVpbGQgMCkgIC0tPg0KPHN2ZyB2ZXJzaW9uPSIxLjEiIGlkPSJDYXBhXzEiIHhtbG5zPSJodHRwOi8vd3d3LnczLm9yZy8yMDAwL3N2ZyIgeG1sbnM6eGxpbms9Imh0dHA6Ly93d3cudzMub3JnLzE5OTkveGxpbmsiIHg9IjBweCIgeT0iMHB4Ig0KCSB2aWV3Qm94PSIwIDAgNTEyLjAwMSA1MTIuMDAxIiBzdHlsZT0iZW5hYmxlLWJhY2tncm91bmQ6bmV3IDAgMCA1MTIuMDAxIDUxMi4wMDE7IiB4bWw6c3BhY2U9InByZXNlcnZlIj4NCjxwYXRoIHN0eWxlPSJmaWxsOiNGRkE2Mzg7IiBkPSJNNDEyLjIxNSwyNS42NTdIMTQ0Ljk2MUg5OS43ODdjLTIxLjg3LDAtMzkuNjA0LDE3LjczNC0zOS42MDQsMzkuNjA0djQwNy4xMzcNCgljMCwyMS44NywxNy43MzQsMzkuNjA0LDM5LjYwNCwzOS42MDRoMzEyLjQyNmMyMS44ODIsMCwzOS42MDQtMTcuNzM0LDM5LjYwNC0zOS42MDRWNjUuMjYNCglDNDUxLjgxNyw0My4zOTEsNDM0LjA5NSwyNS42NTcsNDEyLjIxNSwyNS42NTd6Ii8+DQo8cGF0aCBzdHlsZT0iZmlsbDojNEQ0RDREOyIgZD0iTTI1OC45MjEsMjYzLjE2NmMtNC4xODMsMC03LjU3NC0zLjM5MS03LjU3NC03LjU3NFYxMzkuODU3YzAtMTEuMzQzLTkuMjI4LTIwLjU3Mi0yMC41NzItMjAuNTcyDQoJYy0xMS4zOTIsMC0yMC42Miw5LjIyOC0yMC42MiwyMC41NzJ2NDcuODQ3YzAsMTkuNjk1LTE2LjAyMywzNS43Mi0zNS43MiwzNS43MnMtMzUuNzItMTYuMDIzLTM1LjcyLTM1LjcyVjcuNTc0DQoJYzAtNC4xODMsMy4zOTEtNy41NzQsNy41NzQtNy41NzRzNy41NzQsMy4zOTEsNy41NzQsNy41NzR2MTgwLjEzYzAsMTEuMzQzLDkuMjI4LDIwLjU3MiwyMC41NzIsMjAuNTcyczIwLjU3Mi05LjIyOCwyMC41NzItMjAuNTcyDQoJdi00Ny44NDdjMC0xOS42OTUsMTYuMDIzLTM1LjcyLDM1LjcyLTM1LjcyYzE5Ljc0NSwwLDM1Ljc2OCwxNi4wMjMsMzUuNzY4LDM1LjcydjExNS43MzQNCglDMjY2LjQ5NCwyNTkuNzc1LDI2My4xMDMsMjYzLjE2NiwyNTguOTIxLDI2My4xNjZ6Ii8+DQo8cGF0aCBzdHlsZT0iZmlsbDojRUQ4MzAwOyIgZD0iTTM1NC40LDM2NS4wNzV2NTEuMjc0YzAsNDEuNzAxLTMzLjgwNCw3NS40OTMtNzUuNDkzLDc1LjQ5M3MtNzUuNDkzLTMzLjc5Mi03NS40OTMtNzUuNDkzdi01MS4yNzQNCgljMC00MS43MDEsMzMuODA0LTc1LjQ5Myw3NS40OTMtNzUuNDkzYzIwLjg0NSwwLDM5LjcyNCw4LjQ1Miw1My4zODMsMjIuMTFDMzQ1Ljk0OSwzMjUuMzUxLDM1NC40LDM0NC4yMzEsMzU0LjQsMzY1LjA3NXoiLz4NCjxwYXRoIHN0eWxlPSJmaWxsOiNFQkVCRUI7IiBkPSJNMzM0LjQ1NCwzMzAuNTI0djUxLjI3NGMwLDQxLjcwMS0zMy44MDQsNzUuNDkzLTc1LjQ5Myw3NS40OTNzLTc1LjQ5My0zMy43OTItNzUuNDkzLTc1LjQ5M3YtNTEuMjc0DQoJYzAtNDEuNzAxLDMzLjgwNC03NS40OTMsNzUuNDkzLTc1LjQ5M2MyMC44NDUsMCwzOS43MjQsOC40NTIsNTMuMzgzLDIyLjExQzMyNi4wMDMsMjkwLjgsMzM0LjQ1NCwzMDkuNjc5LDMzNC40NTQsMzMwLjUyNHoiLz4NCjxwYXRoIHN0eWxlPSJmaWxsOiNDQ0NDQ0M7IiBkPSJNMzEyLjM0NCwyNzcuMTRjLTYuNjE3LTYuNjE3LTE0LjQ2Ny0xMS45OTctMjMuMTY0LTE1LjhjNS4zMDcsMTQuMTAzLDguMjg4LDI5Ljk0Myw4LjI4OCw0Ni42ODkNCgljMCw1OC45Mi0zNi44NjgsMTA2LjY4NS04Mi4zNDgsMTA2LjY4NWMtOS4yOTYsMC0xOC4yMzEtMS45OTgtMjYuNTY2LTUuNjc2YzEwLjkzLDI4LjIzLDM4LjMyNCw0OC4yNTMsNzAuNDA3LDQ4LjI1Mw0KCWM0MS42ODksMCw3NS40OTMtMzMuNzkyLDc1LjQ5My03NS40OTN2LTUxLjI3NEMzMzQuNDU0LDMwOS42NzksMzI2LjAwMywyOTAuOCwzMTIuMzQ0LDI3Ny4xNHoiLz4NCjxwYXRoIHN0eWxlPSJmaWxsOiM0RDRENEQ7IiBkPSJNMjU4LjkyMSwzMzYuMDA1Yy00LjE4MywwLTcuNTc0LTMuMzkxLTcuNTc0LTcuNTc0di0zMC45NmMwLTQuMTgzLDMuMzkxLTcuNTc0LDcuNTc0LTcuNTc0DQoJYzQuMTgzLDAsNy41NzQsMy4zOTEsNy41NzQsNy41NzR2MzAuOTZDMjY2LjQ5NCwzMzIuNjE0LDI2My4xMDMsMzM2LjAwNSwyNTguOTIxLDMzNi4wMDV6Ii8+DQo8Zz4NCjwvZz4NCjxnPg0KPC9nPg0KPGc+DQo8L2c+DQo8Zz4NCjwvZz4NCjxnPg0KPC9nPg0KPGc+DQo8L2c+DQo8Zz4NCjwvZz4NCjxnPg0KPC9nPg0KPGc+DQo8L2c+DQo8Zz4NCjwvZz4NCjxnPg0KPC9nPg0KPGc+DQo8L2c+DQo8Zz4NCjwvZz4NCjxnPg0KPC9nPg0KPGc+DQo8L2c+DQo8L3N2Zz4NCg=='),
(6, 'Pendrive', 5, '', 'data:image/svg+xml;base64,PD94bWwgdmVyc2lvbj0iMS4wIiBlbmNvZGluZz0iaXNvLTg4NTktMSI/Pg0KPCEtLSBHZW5lcmF0b3I6IEFkb2JlIElsbHVzdHJhdG9yIDIxLjAuMCwgU1ZHIEV4cG9ydCBQbHVnLUluIC4gU1ZHIFZlcnNpb246IDYuMDAgQnVpbGQgMCkgIC0tPg0KPHN2ZyB2ZXJzaW9uPSIxLjEiIGlkPSJDYXBhXzEiIHhtbG5zPSJodHRwOi8vd3d3LnczLm9yZy8yMDAwL3N2ZyIgeG1sbnM6eGxpbms9Imh0dHA6Ly93d3cudzMub3JnLzE5OTkveGxpbmsiIHg9IjBweCIgeT0iMHB4Ig0KCSB2aWV3Qm94PSIwIDAgNTEyIDUxMiIgc3R5bGU9ImVuYWJsZS1iYWNrZ3JvdW5kOm5ldyAwIDAgNTEyIDUxMjsiIHhtbDpzcGFjZT0icHJlc2VydmUiPg0KPHBhdGggc3R5bGU9ImZpbGw6I0ZGQTYzODsiIGQ9Ik00MDIuODA3LDMyNy4zODR2MzUuNjk4SDk1LjkzNkM2NC4wMTgsMzYzLjA4MiwwLDMyNC41OTgsMCwyNjQuMzc4czM5LjY5OC0xMTUuNDYsMTA2Ljc1OS0xMTUuNDYNCgloMjk2LjA0N3YzNS42OTh2MTQyLjc2OEg0MDIuODA3eiIvPg0KPHBhdGggc3R5bGU9ImZpbGw6I0VEODMwMDsiIGQ9Ik00MDIuODA2LDE0OC45MThoLTgyLjU3M2MtNS43MjUsODMuMDc0LTQzLjI2LDE1OC4wMDEtMTAxLjMsMjE0LjE2NGgxODMuODczdi0zNS42OThWMTg0LjYxNg0KCVYxNDguOTE4eiIvPg0KPHJlY3QgeD0iNDAyLjgxIiB5PSIxODQuNjIiIHN0eWxlPSJmaWxsOiNDQ0NDQ0M7IiB3aWR0aD0iMTA5LjE5IiBoZWlnaHQ9IjE0Mi43NyIvPg0KPHJlY3QgeD0iNDAyLjgxIiB5PSIxODQuNjIiIHN0eWxlPSJmaWxsOiNBREFEQUQ7IiB3aWR0aD0iMjIuMDYiIGhlaWdodD0iMTQyLjc3Ii8+DQo8cGF0aCBzdHlsZT0iZmlsbDojRUI3MTAwOyIgZD0iTTM1Mi41NiwxOTkuNDY1djExMy4wN0gxOTQuNDkyYy0zMS4yMzMsMC01Ni41MzUtMjUuMzE0LTU2LjUzNS01Ni41MzUNCgljMC0xNS42MTEsNi4zMjMtMjkuNzQ0LDE2LjU1Ny0zOS45NzhjMTAuMjIyLTEwLjIyMiwyNC4zNjgtMTYuNTU3LDM5Ljk3OC0xNi41NTdIMzUyLjU2eiIvPg0KPHBhdGggc3R5bGU9ImZpbGw6I0Q2NUQwMDsiIGQ9Ik0yNjIuMDM4LDMxMi41MzVoOTAuNTIydi0xMTMuMDdoLTM5LjkxNUMzMDMuMTE5LDI0MC40MDYsMjg1LjczNywyNzguNTg1LDI2Mi4wMzgsMzEyLjUzNXoiLz4NCjxnPg0KCTxyZWN0IHg9IjQ0MC4xNCIgeT0iMjI1Ljg4IiBzdHlsZT0iZmlsbDojNEQ0RDREOyIgd2lkdGg9IjM0LjUyNSIgaGVpZ2h0PSIxNS40NjMiLz4NCgk8cmVjdCB4PSI0NDAuMTQiIHk9IjI3MC42NiIgc3R5bGU9ImZpbGw6IzRENEQ0RDsiIHdpZHRoPSIzNC41MjUiIGhlaWdodD0iMTUuNDYzIi8+DQo8L2c+DQo8Zz4NCjwvZz4NCjxnPg0KPC9nPg0KPGc+DQo8L2c+DQo8Zz4NCjwvZz4NCjxnPg0KPC9nPg0KPGc+DQo8L2c+DQo8Zz4NCjwvZz4NCjxnPg0KPC9nPg0KPGc+DQo8L2c+DQo8Zz4NCjwvZz4NCjxnPg0KPC9nPg0KPGc+DQo8L2c+DQo8Zz4NCjwvZz4NCjxnPg0KPC9nPg0KPGc+DQo8L2c+DQo8L3N2Zz4NCg=='),
(7, 'Keyboard', 40, '', 'data:image/svg+xml;base64,PD94bWwgdmVyc2lvbj0iMS4wIiBlbmNvZGluZz0iaXNvLTg4NTktMSI/Pg0KPCEtLSBHZW5lcmF0b3I6IEFkb2JlIElsbHVzdHJhdG9yIDIxLjAuMCwgU1ZHIEV4cG9ydCBQbHVnLUluIC4gU1ZHIFZlcnNpb246IDYuMDAgQnVpbGQgMCkgIC0tPg0KPHN2ZyB2ZXJzaW9uPSIxLjEiIGlkPSJDYXBhXzEiIHhtbG5zPSJodHRwOi8vd3d3LnczLm9yZy8yMDAwL3N2ZyIgeG1sbnM6eGxpbms9Imh0dHA6Ly93d3cudzMub3JnLzE5OTkveGxpbmsiIHg9IjBweCIgeT0iMHB4Ig0KCSB2aWV3Qm94PSIwIDAgNTEyIDUxMiIgc3R5bGU9ImVuYWJsZS1iYWNrZ3JvdW5kOm5ldyAwIDAgNTEyIDUxMjsiIHhtbDpzcGFjZT0icHJlc2VydmUiPg0KPHBhdGggc3R5bGU9ImZpbGw6IzRENEQ0RDsiIGQ9Ik03Mi40MTMsMjE5Ljc3NGMtNC4xNDMsMC03LjUtMy4zNTgtNy41LTcuNXYtMmMwLTE4LjI3NywxNC44NjktMzMuMTQ2LDMzLjE0Ni0zMy4xNDZINDA3LjUzDQoJYzEwLjAwNiwwLDE4LjE0Ni04LjE0MSwxOC4xNDYtMTguMTQ3cy04LjE0MS0xOC4xNDctMTguMTQ2LTE4LjE0N0g5Mi45M2MtMTguMjc3LDAtMzMuMTQ2LTE0Ljg2OS0zMy4xNDYtMzMuMTQ2VjgzLjc1MQ0KCWMwLTQuMTQyLDMuMzU3LTcuNSw3LjUtNy41czcuNSwzLjM1OCw3LjUsNy41djIzLjkzN2MwLDEwLjAwNiw4LjE0MSwxOC4xNDYsMTguMTQ2LDE4LjE0NmgzMTQuNg0KCWMxOC4yNzcsMCwzMy4xNDYsMTQuODcsMzMuMTQ2LDMzLjE0N3MtMTQuODY5LDMzLjE0Ny0zMy4xNDYsMzMuMTQ3SDk4LjA2Yy0xMC4wMDYsMC0xOC4xNDYsOC4xNC0xOC4xNDYsMTguMTQ2djINCglDNzkuOTEzLDIxNi40MTcsNzYuNTU2LDIxOS43NzQsNzIuNDEzLDIxOS43NzR6Ii8+DQo8cGF0aCBzdHlsZT0iZmlsbDojQ0NDQ0NDOyIgZD0iTTQ5Mi42OTIsNDM1Ljc0OUgxOS4zMDhDOC42NDUsNDM1Ljc0OSwwLDQyNy4xMDQsMCw0MTYuNDQxVjIzMS45MzgNCgljMC0xMC42NjQsOC42NDUtMTkuMzA4LDE5LjMwOC0xOS4zMDhoNDczLjM4NGMxMC42NjQsMCwxOS4zMDgsOC42NDUsMTkuMzA4LDE5LjMwOHYxODQuNTAzDQoJQzUxMiw0MjcuMTA0LDUwMy4zNTUsNDM1Ljc0OSw0OTIuNjkyLDQzNS43NDl6Ii8+DQo8cGF0aCBzdHlsZT0iZmlsbDojQURBREFEOyIgZD0iTTUwNC41NDksMjE4LjUzNWMwLjMxMiwxLjUsMC40OCwzLjA1MiwwLjQ4LDQuNjQ0djE3Ny43NzJjMCwxMi41MjItMTAuMTUxLDIyLjY3NC0yMi42NzQsMjIuNjc0DQoJSDE1LjcwM2MtNS44NjgsMC0xMS4xOTctMi4yNDgtMTUuMjIzLTUuOTA1YzIuMTQzLDEwLjI5NCwxMS4yNjQsMTguMDMsMjIuMTk0LDE4LjAzaDQ2Ni42NTJjMTIuNTIzLDAsMjIuNjc0LTEwLjE1MSwyMi42NzQtMjIuNjc0DQoJVjIzNS4zMDJDNTEyLDIyOC42NDgsNTA5LjExNSwyMjIuNjgyLDUwNC41NDksMjE4LjUzNXoiLz4NCjxnPg0KCTxwYXRoIHN0eWxlPSJmaWxsOiM0RDRENEQ7IiBkPSJNNDcwLjM3MywzMDMuMjQ3aC0yNS4zMDRjLTIuODg1LDAtNS4yMjQsMi4zMzktNS4yMjQsNS4yMjN2MzEuNDM3YzAsMi44ODUsMi4zMzksNS4yMjQsNS4yMjQsNS4yMjQNCgkJaDI1LjMwNGMyLjg4NSwwLDUuMjIzLTIuMzM5LDUuMjIzLTUuMjI0VjMwOC40N0M0NzUuNTk2LDMwNS41ODYsNDczLjI1OCwzMDMuMjQ3LDQ3MC4zNzMsMzAzLjI0N3oiLz4NCgk8cGF0aCBzdHlsZT0iZmlsbDojNEQ0RDREOyIgZD0iTTQ3MC4zNzMsMjQ5LjAzM2gtMjUuMzA0Yy0yLjg4NSwwLTUuMjI0LDIuMzM5LTUuMjI0LDUuMjI0djM1LjU0N2MwLDIuODg1LDIuMzM5LDUuMjI0LDUuMjI0LDUuMjI0DQoJCWgyNS4zMDRjMi44ODUsMCw1LjIyMy0yLjMzOSw1LjIyMy01LjIyNHYtMzUuNTQ3QzQ3NS41OTYsMjUxLjM3MSw0NzMuMjU4LDI0OS4wMzMsNDcwLjM3MywyNDkuMDMzeiIvPg0KCTxwYXRoIHN0eWxlPSJmaWxsOiM0RDRENEQ7IiBkPSJNNDI2LjQwMiwzMDMuMjQ3aC0yNC4xOTNjLTIuODg1LDAtNS4yMjMsMi4zMzktNS4yMjMsNS4yMjN2MzEuNDM3YzAsMi44ODUsMi4zMzksNS4yMjQsNS4yMjMsNS4yMjQNCgkJaDI0LjE5M2MyLjg4NSwwLDUuMjIzLTIuMzM5LDUuMjIzLTUuMjI0VjMwOC40N0M0MzEuNjI1LDMwNS41ODYsNDI5LjI4NywzMDMuMjQ3LDQyNi40MDIsMzAzLjI0N3oiLz4NCgk8cGF0aCBzdHlsZT0iZmlsbDojNEQ0RDREOyIgZD0iTTQyNi40MDIsMzUzLjM1MWgtMjQuMTkzYy0yLjg4NSwwLTUuMjIzLDIuMzM5LTUuMjIzLDUuMjIzdjM1LjU0N2MwLDIuODg1LDIuMzM5LDUuMjIzLDUuMjI0LDUuMjIzDQoJCWgyNC4xOTNjMi44ODUsMCw1LjIyMy0yLjMzOSw1LjIyMy01LjIyM3YtMzUuNTQ3QzQzMS42MjUsMzU1LjY5LDQyOS4yODcsMzUzLjM1MSw0MjYuNDAyLDM1My4zNTF6Ii8+DQoJPHBhdGggc3R5bGU9ImZpbGw6IzRENEQ0RDsiIGQ9Ik00MjYuNDAyLDI0OS4wMzNoLTI0LjE5M2MtMi44ODUsMC01LjIyNCwyLjMzOS01LjIyNCw1LjIyNHYzNS41NDdjMCwyLjg4NSwyLjMzOSw1LjIyMyw1LjIyMyw1LjIyMw0KCQloMjQuMTkzYzIuODg1LDAsNS4yMjMtMi4zMzksNS4yMjMtNS4yMjR2LTM1LjU0N0M0MzEuNjI1LDI1MS4zNzEsNDI5LjI4NywyNDkuMDMzLDQyNi40MDIsMjQ5LjAzM3oiLz4NCgk8cGF0aCBzdHlsZT0iZmlsbDojNEQ0RDREOyIgZD0iTTQ3MC4zNzMsMzUzLjM1MWgtMjUuMzA0Yy0yLjg4NSwwLTUuMjI0LDIuMzM5LTUuMjI0LDUuMjIzdjM1LjU0N2MwLDIuODg1LDIuMzM5LDUuMjIzLDUuMjI0LDUuMjIzDQoJCWgyNS4zMDRjMi44ODUsMCw1LjIyMy0yLjMzOSw1LjIyMy01LjIyM3YtMzUuNTQ3QzQ3NS41OTYsMzU1LjY5LDQ3My4yNTgsMzUzLjM1MSw0NzAuMzczLDM1My4zNTF6Ii8+DQoJPHBhdGggc3R5bGU9ImZpbGw6IzRENEQ0RDsiIGQ9Ik0xMzQuMjE4LDM1My4zNTFIOTcuODcyYy0yLjc3MSwwLTUuMDE4LDIuMjQ3LTUuMDE4LDUuMDE4djM1Ljk1N2MwLDIuNzcxLDIuMjQ3LDUuMDE4LDUuMDE4LDUuMDE4DQoJCWgzNi4zNDZjMi43NzEsMCw1LjAxOC0yLjI0Nyw1LjAxOC01LjAxOHYtMzUuOTU3QzEzOS4yMzYsMzU1LjU5OCwxMzYuOTksMzUzLjM1MSwxMzQuMjE4LDM1My4zNTF6Ii8+DQoJPHBhdGggc3R5bGU9ImZpbGw6IzRENEQ0RDsiIGQ9Ik0xMjcuODE1LDMwMy4yNDdjLTIuNzcxLDAtNS4wMTgsMi4yNDctNS4wMTgsNS4wMTh2MzEuODQ3YzAsMi43NzIsMi4yNDcsNS4wMTgsNS4wMTgsNS4wMThoMzYuMzQ2DQoJCWMyLjc3MSwwLDUuMDE4LTIuMjQ3LDUuMDE4LTUuMDE4di0zMS44NDdjMC0yLjc3Mi0yLjI0Ny01LjAxOC01LjAxOC01LjAxOEgxMjcuODE1eiIvPg0KCTxwYXRoIHN0eWxlPSJmaWxsOiM0RDRENEQ7IiBkPSJNMjQzLjQyMywzNTMuMzUxaC05MC45NDhjLTIuNzcxLDAtNS4wMTgsMi4yNDctNS4wMTgsNS4wMTh2MzUuOTU3YzAsMi43NzEsMi4yNDcsNS4wMTgsNS4wMTgsNS4wMTgNCgkJaDkwLjk0OGMyLjc3MSwwLDUuMDE4LTIuMjQ3LDUuMDE4LTUuMDE4di0zNS45NTdDMjQ4LjQ0MiwzNTUuNTk4LDI0Ni4xOTUsMzUzLjM1MSwyNDMuNDIzLDM1My4zNTF6Ii8+DQoJPHBhdGggc3R5bGU9ImZpbGw6IzRENEQ0RDsiIGQ9Ik03Ni43MzUsMzAzLjI0N2MtMi43NzEsMC01LjAxOCwyLjI0Ny01LjAxOCw1LjAxOHYzMS44NDdjMCwyLjc3MiwyLjI0Nyw1LjAxOCw1LjAxOCw1LjAxOGgzMi44MjMNCgkJYzIuNzcxLDAsNS4wMTgtMi4yNDcsNS4wMTgtNS4wMTh2LTMxLjg0N2MwLTIuNzcyLTIuMjQ3LTUuMDE4LTUuMDE4LTUuMDE4SDc2LjczNXoiLz4NCgk8cGF0aCBzdHlsZT0iZmlsbDojNEQ0RDREOyIgZD0iTTE4Mi40MTksMzAzLjI0N2MtMi43NzEsMC01LjAxOCwyLjI0Ny01LjAxOCw1LjAxOHYzMS44NDdjMCwyLjc3MiwyLjI0Nyw1LjAxOCw1LjAxOCw1LjAxOGgzNi4zNDUNCgkJYzIuNzcxLDAsNS4wMTgtMi4yNDcsNS4wMTgtNS4wMTh2LTMxLjg0N2MwLTIuNzcyLTIuMjQ3LTUuMDE4LTUuMDE4LTUuMDE4SDE4Mi40MTl6Ii8+DQoJPHBhdGggc3R5bGU9ImZpbGw6IzRENEQ0RDsiIGQ9Ik0zNTAuMjA1LDI0OS4wMzNoLTMzLjkyMmMtMi43NzEsMC01LjAxOCwyLjI0Ny01LjAxOCw1LjAxOHYzNS45NTdjMCwyLjc3MiwyLjI0Nyw1LjAxOCw1LjAxOCw1LjAxOA0KCQloMzMuOTIyYzIuNzcyLDAsNS4wMTgtMi4yNDcsNS4wMTgtNS4wMThWMjU0LjA1QzM1NS4yMjMsMjUxLjI3OSwzNTIuOTc3LDI0OS4wMzMsMzUwLjIwNSwyNDkuMDMzeiIvPg0KCTxwYXRoIHN0eWxlPSJmaWxsOiM0RDRENEQ7IiBkPSJNMjk4LjAyNywzNTMuMzUxSDI2MS42OGMtMi43NzIsMC01LjAxOCwyLjI0Ny01LjAxOCw1LjAxOHYzNS45NTdjMCwyLjc3MSwyLjI0Nyw1LjAxOCw1LjAxOCw1LjAxOA0KCQloMzYuMzQ2YzIuNzcxLDAsNS4wMTgtMi4yNDcsNS4wMTgtNS4wMTh2LTM1Ljk1N0MzMDMuMDQ1LDM1NS41OTgsMzAwLjc5OCwzNTMuMzUxLDI5OC4wMjcsMzUzLjM1MXoiLz4NCgk8cGF0aCBzdHlsZT0iZmlsbDojNEQ0RDREOyIgZD0iTTk3Ljg3MiwyOTUuMDI3aDM2LjM0NmMyLjc3MSwwLDUuMDE4LTIuMjQ3LDUuMDE4LTUuMDE4di0zNS45NTdjMC0yLjc3Mi0yLjI0Ny01LjAxOC01LjAxOC01LjAxOA0KCQlIOTcuODcyYy0yLjc3MSwwLTUuMDE4LDIuMjQ3LTUuMDE4LDUuMDE4djM1Ljk1N0M5Mi44NTMsMjkyLjc4LDk1LjEsMjk1LjAyNyw5Ny44NzIsMjk1LjAyN3oiLz4NCgk8cGF0aCBzdHlsZT0iZmlsbDojNEQ0RDREOyIgZD0iTTQxLjQyMiwzMDMuMjQ3Yy0yLjc3MSwwLTUuMDE4LDIuMjQ3LTUuMDE4LDUuMDE4djMxLjg0N2MwLDIuNzcyLDIuMjQ3LDUuMDE4LDUuMDE4LDUuMDE4aDE3LjA1Ng0KCQljMi43NzEsMCw1LjAxOC0yLjI0Nyw1LjAxOC01LjAxOHYtMzEuODQ3YzAtMi43NzItMi4yNDctNS4wMTgtNS4wMTgtNS4wMThINDEuNDIyeiIvPg0KCTxwYXRoIHN0eWxlPSJmaWxsOiM0RDRENEQ7IiBkPSJNNzkuNjE1LDM1My4zNTFINDEuNDIyYy0yLjc3MSwwLTUuMDE4LDIuMjQ3LTUuMDE4LDUuMDE4djM1Ljk1N2MwLDIuNzcxLDIuMjQ3LDUuMDE4LDUuMDE4LDUuMDE4DQoJCWgzOC4xOTNjMi43NzIsMCw1LjAxOC0yLjI0Nyw1LjAxOC01LjAxOHYtMzUuOTU3Qzg0LjYzMywzNTUuNTk4LDgyLjM4NiwzNTMuMzUxLDc5LjYxNSwzNTMuMzUxeiIvPg0KCTxwYXRoIHN0eWxlPSJmaWxsOiM0RDRENEQ7IiBkPSJNNDEuNDIyLDI5NS4wMjdoMzguMTkzYzIuNzcyLDAsNS4wMTgtMi4yNDcsNS4wMTgtNS4wMTh2LTM1Ljk1N2MwLTIuNzcyLTIuMjQ3LTUuMDE4LTUuMDE4LTUuMDE4DQoJCUg0MS40MjJjLTIuNzcxLDAtNS4wMTgsMi4yNDctNS4wMTgsNS4wMTh2MzUuOTU3QzM2LjQwNCwyOTIuNzgsMzguNjUxLDI5NS4wMjcsNDEuNDIyLDI5NS4wMjd6Ii8+DQoJPHBhdGggc3R5bGU9ImZpbGw6IzRENEQ0RDsiIGQ9Ik0xNTIuNDc1LDI5NS4wMjdoMzYuMzQ2YzIuNzcxLDAsNS4wMTgtMi4yNDcsNS4wMTgtNS4wMTh2LTM1Ljk1N2MwLTIuNzcyLTIuMjQ3LTUuMDE4LTUuMDE4LTUuMDE4DQoJCWgtMzYuMzQ2Yy0yLjc3MSwwLTUuMDE4LDIuMjQ3LTUuMDE4LDUuMDE4djM1Ljk1N0MxNDcuNDU3LDI5Mi43OCwxNDkuNzAzLDI5NS4wMjcsMTUyLjQ3NSwyOTUuMDI3eiIvPg0KCTxwYXRoIHN0eWxlPSJmaWxsOiM0RDRENEQ7IiBkPSJNMzUwLjIwNSwzNTMuMzUxaC0zMy45MjJjLTIuNzcxLDAtNS4wMTgsMi4yNDctNS4wMTgsNS4wMTh2MzUuOTU3YzAsMi43NzEsMi4yNDcsNS4wMTgsNS4wMTgsNS4wMTgNCgkJaDMzLjkyMmMyLjc3MiwwLDUuMDE4LTIuMjQ3LDUuMDE4LTUuMDE4di0zNS45NTdDMzU1LjIyMywzNTUuNTk4LDM1Mi45NzcsMzUzLjM1MSwzNTAuMjA1LDM1My4zNTF6Ii8+DQoJPHBhdGggc3R5bGU9ImZpbGw6IzRENEQ0RDsiIGQ9Ik0yMzcuMDIxLDMwMy4yNDdjLTIuNzcxLDAtNS4wMTgsMi4yNDctNS4wMTgsNS4wMTh2MzEuODQ3YzAsMi43NzIsMi4yNDcsNS4wMTgsNS4wMTgsNS4wMThoMzYuMzQ2DQoJCWMyLjc3MSwwLDUuMDE4LTIuMjQ3LDUuMDE4LTUuMDE4di0zMS44NDdjMC0yLjc3Mi0yLjI0Ny01LjAxOC01LjAxOC01LjAxOEgyMzcuMDIxeiIvPg0KCTxwYXRoIHN0eWxlPSJmaWxsOiM0RDRENEQ7IiBkPSJNMjA3LjA3OCwyOTUuMDI3aDM2LjM0NWMyLjc3MSwwLDUuMDE4LTIuMjQ3LDUuMDE4LTUuMDE4di0zNS45NTdjMC0yLjc3Mi0yLjI0Ny01LjAxOC01LjAxOC01LjAxOA0KCQloLTM2LjM0NWMtMi43NzEsMC01LjAxOCwyLjI0Ny01LjAxOCw1LjAxOHYzNS45NTdDMjAyLjA2LDI5Mi43OCwyMDQuMzA3LDI5NS4wMjcsMjA3LjA3OCwyOTUuMDI3eiIvPg0KCTxwYXRoIHN0eWxlPSJmaWxsOiM0RDRENEQ7IiBkPSJNMzUwLjIwNSwzMDMuMjQ3aC01OC41ODFjLTIuNzcxLDAtNS4wMTgsMi4yNDctNS4wMTgsNS4wMTh2MzEuODQ3YzAsMi43NzIsMi4yNDcsNS4wMTgsNS4wMTgsNS4wMTgNCgkJaDU4LjU4MWMyLjc3MiwwLDUuMDE4LTIuMjQ3LDUuMDE4LTUuMDE4di0zMS44NDdDMzU1LjIyMywzMDUuNDkzLDM1Mi45NzcsMzAzLjI0NywzNTAuMjA1LDMwMy4yNDd6Ii8+DQoJPHBhdGggc3R5bGU9ImZpbGw6IzRENEQ0RDsiIGQ9Ik0yNjEuNjgsMjk1LjAyN2gzNi4zNDZjMi43NzEsMCw1LjAxOC0yLjI0Nyw1LjAxOC01LjAxOHYtMzUuOTU3YzAtMi43NzItMi4yNDctNS4wMTgtNS4wMTgtNS4wMTgNCgkJSDI2MS42OGMtMi43NzIsMC01LjAxOCwyLjI0Ny01LjAxOCw1LjAxOHYzNS45NTdDMjU2LjY2MiwyOTIuNzgsMjU4LjkwOSwyOTUuMDI3LDI2MS42OCwyOTUuMDI3eiIvPg0KPC9nPg0KPGc+DQo8L2c+DQo8Zz4NCjwvZz4NCjxnPg0KPC9nPg0KPGc+DQo8L2c+DQo8Zz4NCjwvZz4NCjxnPg0KPC9nPg0KPGc+DQo8L2c+DQo8Zz4NCjwvZz4NCjxnPg0KPC9nPg0KPGc+DQo8L2c+DQo8Zz4NCjwvZz4NCjxnPg0KPC9nPg0KPGc+DQo8L2c+DQo8Zz4NCjwvZz4NCjxnPg0KPC9nPg0KPC9zdmc+DQo='),
(8, 'CD', 5, '', 'data:image/svg+xml;base64,PD94bWwgdmVyc2lvbj0iMS4wIiBlbmNvZGluZz0iaXNvLTg4NTktMSI/Pg0KPCEtLSBHZW5lcmF0b3I6IEFkb2JlIElsbHVzdHJhdG9yIDIxLjAuMCwgU1ZHIEV4cG9ydCBQbHVnLUluIC4gU1ZHIFZlcnNpb246IDYuMDAgQnVpbGQgMCkgIC0tPg0KPHN2ZyB2ZXJzaW9uPSIxLjEiIGlkPSJDYXBhXzEiIHhtbG5zPSJodHRwOi8vd3d3LnczLm9yZy8yMDAwL3N2ZyIgeG1sbnM6eGxpbms9Imh0dHA6Ly93d3cudzMub3JnLzE5OTkveGxpbmsiIHg9IjBweCIgeT0iMHB4Ig0KCSB2aWV3Qm94PSIwIDAgNTEyIDUxMiIgc3R5bGU9ImVuYWJsZS1iYWNrZ3JvdW5kOm5ldyAwIDAgNTEyIDUxMjsiIHhtbDpzcGFjZT0icHJlc2VydmUiPg0KPHBhdGggc3R5bGU9ImZpbGw6I0NDQ0NDQzsiIGQ9Ik0yNTYsMEMxMTQuNjE1LDAsMCwxMTQuNjE1LDAsMjU2czExNC42MTUsMjU2LDI1NiwyNTZzMjU2LTExNC42MTUsMjU2LTI1NlMzOTcuMzg1LDAsMjU2LDB6DQoJIE0yNTYsMzAzLjg5OWMtMjYuNDU4LDAtNDcuOTA2LTIxLjQ0OC00Ny45MDYtNDcuOTA2czIxLjQ0OC00Ny45MDYsNDcuOTA2LTQ3LjkwNnM0Ny45MDYsMjEuNDQ4LDQ3LjkwNiw0Ny45MDYNCglDMzAzLjkwNiwyODIuNDUsMjgyLjQ1OCwzMDMuODk5LDI1NiwzMDMuODk5eiIvPg0KPHBhdGggc3R5bGU9ImZpbGw6I0VCRUJFQjsiIGQ9Ik0zNzguODI5LDMxLjM0N2MtMC42OTUtMC4zOC0xLjM5My0wLjc1Ni0yLjA5My0xLjEzYy0xLjA4LTAuNTc5LTIuMTYzLTEuMTUyLTMuMjUyLTEuNzE2DQoJYy0xLjUyLTAuNzgzLTMuMDQ5LTEuNTU1LTQuNTktMi4zMWMtMC4zNDgtMC4xNzEtMC42OTMtMC4zNDgtMS4wNDEtMC41MTdjLTEzLjExMi02LjM1MS0yNi45NDItMTEuNjY0LTQxLjQyNy0xNS44MDgNCgljLTguNzE4LTIuNDk0LTE3LjQ2LTQuNTA1LTI2LjE5OC02LjA0OUMyODUuODYsMS4zMTUsMjcxLjA4NCwwLDI1NiwwYy00LjQ2LDAtOC44OTMsMC4xMTYtMTMuMjk4LDAuMzQxbDAuMDI1LDAuNTlMMTMuNzg1LDMzOC45MjENCgljOC44OTYsMjUuOTE5LDIxLjkwOCw1MC4yNjYsMzguNDY4LDcyLjA2NmMwLjYwMywwLjc5MiwxLjIwNCwxLjU4NCwxLjgxNiwyLjM2OWMwLjM4NSwwLjQ5NSwwLjc3NSwwLjk4NywxLjE2NCwxLjQ3OQ0KCWMxLjAzMiwxLjMwMywyLjA3LDIuNiwzLjEyNiwzLjg4MmMwLjA0NSwwLjA1NSwwLjA4OSwwLjExLDAuMTM0LDAuMTY1YzIwLjU1NSwyNC44OTYsNDUuNzMzLDQ1LjgyOCw3NC4yMDksNjEuNTA5DQoJYzAuNDA0LDAuMjIxLDAuOCwwLjQ1MiwxLjIwNSwwLjY3MWwxLjA0NS0xLjkxMWwxMTguNzU5LTE3NS4zMDljLTI1LjM5NS0xLjE5NC00NS42MTgtMjIuMTU4LTQ1LjYxOC00Ny44NDgNCgljMC0yNi40NTgsMjEuNDQ4LTQ3LjkwNiw0Ny45MDYtNDcuOTA2YzE5LjM2NiwwLDM2LjAzNiwxMS40OTgsNDMuNTg4LDI4LjAzNGwxMi4yOTMtMTguMTQ2TDQxOS41MzksNTkuMDQ5DQoJQzQwNi45MzMsNDguNTcxLDM5My4zMDcsMzkuMjgsMzc4LjgyOSwzMS4zNDd6Ii8+DQo8cGF0aCBzdHlsZT0iZmlsbDojNEQ0RDREOyIgZD0iTTMxMS44ODEsMjE3Ljk3NGMxMC44OTIsMTYuMDA4LDE0Ljg1MywzNi41NDksOS4xMTIsNTYuNjE0Yy05Ljg5LDM0LjU2Ny00NC45NSw1NS4xMS03OS41ODUsNDcuNDIzDQoJYy0xLjMzNS0wLjI5Mi0yLjY2Ny0wLjYzNS00LjAwMi0xLjAxN2MtMTQuNzAzLTQuMjA3LTI2Ljg3NC0xMi45NzktMzUuNDA3LTI0LjMyNWMtMTIuMjk5LTE2LjM2LTE3LjA2MS0zOC4wNzUtMTAuOTk2LTU5LjI3NA0KCWMxMC4xODgtMzUuNjA2LDQ3LjEwMi01Ni4zMzQsODIuNzQyLTQ2LjYyMmMwLjI4NywwLjA2OSwwLjU3LDAuMTUsMC44NTQsMC4yMzFDMjkwLjQyMywxOTUuNTMyLDMwMy4zMDcsMjA1LjMzOCwzMTEuODgxLDIxNy45NzR6DQoJIE0yODEuOTg1LDI2My40MjdjNC4xMDUtMTQuMzQ5LTQuMTk5LTI5LjMxLTE4LjU0OC0zMy40MTVjLTE0LjM2MS00LjEwOS0yOS4zMjIsNC4xOTUtMzMuNDI3LDE4LjU0NHM0LjE5OSwyOS4zMSwxOC41NTksMzMuNDE5DQoJQzI2Mi45MTksMjg2LjA4LDI3Ny44OCwyNzcuNzc2LDI4MS45ODUsMjYzLjQyN3oiLz4NCjxnPg0KPC9nPg0KPGc+DQo8L2c+DQo8Zz4NCjwvZz4NCjxnPg0KPC9nPg0KPGc+DQo8L2c+DQo8Zz4NCjwvZz4NCjxnPg0KPC9nPg0KPGc+DQo8L2c+DQo8Zz4NCjwvZz4NCjxnPg0KPC9nPg0KPGc+DQo8L2c+DQo8Zz4NCjwvZz4NCjxnPg0KPC9nPg0KPGc+DQo8L2c+DQo8Zz4NCjwvZz4NCjwvc3ZnPg0K'),
(9, 'Laptop', 1000, '', 'data:image/svg+xml;base64,PD94bWwgdmVyc2lvbj0iMS4wIiBlbmNvZGluZz0iaXNvLTg4NTktMSI/Pg0KPCEtLSBHZW5lcmF0b3I6IEFkb2JlIElsbHVzdHJhdG9yIDIxLjAuMCwgU1ZHIEV4cG9ydCBQbHVnLUluIC4gU1ZHIFZlcnNpb246IDYuMDAgQnVpbGQgMCkgIC0tPg0KPHN2ZyB2ZXJzaW9uPSIxLjEiIGlkPSJDYXBhXzEiIHhtbG5zPSJodHRwOi8vd3d3LnczLm9yZy8yMDAwL3N2ZyIgeG1sbnM6eGxpbms9Imh0dHA6Ly93d3cudzMub3JnLzE5OTkveGxpbmsiIHg9IjBweCIgeT0iMHB4Ig0KCSB2aWV3Qm94PSIwIDAgNTEyIDUxMiIgc3R5bGU9ImVuYWJsZS1iYWNrZ3JvdW5kOm5ldyAwIDAgNTEyIDUxMjsiIHhtbDpzcGFjZT0icHJlc2VydmUiPg0KPHBhdGggc3R5bGU9ImZpbGw6I0NDQ0NDQzsiIGQ9Ik00OTIuOTQ2LDEwMC4yNTd2MjcyLjkzMUwyNTQuODIsMzg5LjI2NEwxOS4wNDIsMzczLjE4OFYxMDAuMjU3DQoJYzAtMTQuMjY3LDExLjU2Ny0yNS44MzMsMjUuODMzLTI1LjgzM2g0MjIuMjM3QzQ4MS4zOCw3NC40MjMsNDkyLjk0Niw4NS45OSw0OTIuOTQ2LDEwMC4yNTd6Ii8+DQo8cGF0aCBzdHlsZT0iZmlsbDojQURBREFEOyIgZD0iTTQ2Ny4xMTMsNzQuNDIzSDMzNS4zOTdMMjA2LjQzNiwzNzMuMTg4aDI4Ni41MVYxMDAuMjU3QzQ5Mi45NDYsODUuOTksNDgxLjM4LDc0LjQyMyw0NjcuMTEzLDc0LjQyMw0KCXoiLz4NCjxwYXRoIHN0eWxlPSJmaWxsOiM4MDgwODA7IiBkPSJNNTEyLDM3My4xODh2MzguNTU2YzAsMTQuMjY3LTExLjU2NywyNS44MzMtMjUuODMzLDI1LjgzM0gyNS44MzNDMTEuNTY3LDQzNy41NzcsMCw0MjYuMDEsMCw0MTEuNzQzDQoJdi0zOC41NTZoMTkuMDQyaDQ3My45MDRINTEyeiIvPg0KPHBhdGggc3R5bGU9ImZpbGw6IzYxNjE2MTsiIGQ9Ik01MDguOTM0LDM3My4xODh2MjcuMTU0YzAsMTQuMjY3LTExLjU2NywyNS44MzQtMjUuODMzLDI1LjgzNEgyMi43NjgNCgljLTkuODMzLDAtMTguMzgxLTUuNDk1LTIyLjc0Ni0xMy41OGMwLjQ1LDEzLjg3MiwxMS44MzEsMjQuOTgyLDI1LjgxMiwyNC45ODJoNDYwLjMzM2MxNC4yNjcsMCwyNS44MzMtMTEuNTY3LDI1LjgzMy0yNS44MzMNCgl2LTM4LjU1Nkw1MDguOTM0LDM3My4xODhMNTA4LjkzNCwzNzMuMTg4eiIvPg0KPHBhdGggc3R5bGU9ImZpbGw6IzRENEQ0RDsiIGQ9Ik0xODUuMDc5LDM3My4xODhIMzI2LjkxYzAsMTcuNzU3LTE0LjM5NiwzMi4xNTMtMzIuMTUzLDMyLjE1M2gtNzcuNTEyDQoJQzE5OS40ODcsNDA1LjM0MSwxODUuMDc5LDM5MC45NDUsMTg1LjA3OSwzNzMuMTg4eiIvPg0KPGcgc3R5bGU9Im9wYWNpdHk6MC4yOyI+DQoJPHBhdGggZD0iTTE4NS4xODgsMzc1LjczYy0wLjA2Ni0wLjgzOS0wLjEwOS0xLjY4NS0wLjEwOS0yLjU0MWgtMC45NzZDMTg0LjQzMSwzNzQuMDUzLDE4NC43ODksMzc0LjkwMywxODUuMTg4LDM3NS43M3oiLz4NCjwvZz4NCjxyZWN0IHg9IjU3LjY4IiB5PSIxMTQuODYiIHN0eWxlPSJmaWxsOiNFQkVCRUI7IiB3aWR0aD0iMzk2LjY0IiBoZWlnaHQ9IjIxNi4zNSIvPg0KPHBvbHlnb24gc3R5bGU9ImZpbGw6I0NDQ0NDQzsiIHBvaW50cz0iMjI0LjU1NCwzMzEuMjEzIDQ1NC4zMiwzMzEuMjEzIDQ1NC4zMiwxMTQuODY1IDMxNy45NDEsMTE0Ljg2NSAiLz4NCjxnPg0KPC9nPg0KPGc+DQo8L2c+DQo8Zz4NCjwvZz4NCjxnPg0KPC9nPg0KPGc+DQo8L2c+DQo8Zz4NCjwvZz4NCjxnPg0KPC9nPg0KPGc+DQo8L2c+DQo8Zz4NCjwvZz4NCjxnPg0KPC9nPg0KPGc+DQo8L2c+DQo8Zz4NCjwvZz4NCjxnPg0KPC9nPg0KPGc+DQo8L2c+DQo8Zz4NCjwvZz4NCjwvc3ZnPg0K'),
(10, 'Tablet', 200, '', 'data:image/svg+xml;base64,PD94bWwgdmVyc2lvbj0iMS4wIiBlbmNvZGluZz0iaXNvLTg4NTktMSI/Pg0KPCEtLSBHZW5lcmF0b3I6IEFkb2JlIElsbHVzdHJhdG9yIDIxLjAuMCwgU1ZHIEV4cG9ydCBQbHVnLUluIC4gU1ZHIFZlcnNpb246IDYuMDAgQnVpbGQgMCkgIC0tPg0KPHN2ZyB2ZXJzaW9uPSIxLjEiIGlkPSJDYXBhXzEiIHhtbG5zPSJodHRwOi8vd3d3LnczLm9yZy8yMDAwL3N2ZyIgeG1sbnM6eGxpbms9Imh0dHA6Ly93d3cudzMub3JnLzE5OTkveGxpbmsiIHg9IjBweCIgeT0iMHB4Ig0KCSB2aWV3Qm94PSIwIDAgNTEyIDUxMiIgc3R5bGU9ImVuYWJsZS1iYWNrZ3JvdW5kOm5ldyAwIDAgNTEyIDUxMjsiIHhtbDpzcGFjZT0icHJlc2VydmUiPg0KPHBhdGggc3R5bGU9ImZpbGw6IzRENEQ0RDsiIGQ9Ik01MDQuNSw0OTYuNTE4SDYxLjk2NkMyNy43OTgsNDk2LjUxOCwwLDQ2OC43MiwwLDQzNC41NTJ2LTY2LjM4MQ0KCWMwLTM0LjE2OCwyNy43OTgtNjEuOTY2LDYxLjk2Ni02MS45NjZjNC4xNDIsMCw3LjUsMy4zNTgsNy41LDcuNXMtMy4zNTgsNy41LTcuNSw3LjVDMzYuMDY5LDMyMS4yMDYsMTUsMzQyLjI3NSwxNSwzNjguMTcydjY2LjM4MQ0KCWMwLDI1Ljg5NywyMS4wNjksNDYuOTY2LDQ2Ljk2Niw0Ni45NjZINTA0LjVjNC4xNDIsMCw3LjUsMy4zNTgsNy41LDcuNVM1MDguNjQyLDQ5Ni41MTgsNTA0LjUsNDk2LjUxOHoiLz4NCjxwYXRoIHN0eWxlPSJmaWxsOiNDNEMxQzE7IiBkPSJNNDczLjIyOCwxMTIuMDE5YzE1LjU1MywwLDI4LjE2NywxMi42MTQsMjguMTY3LDI4LjE2N3YyNzIuNTYxDQoJYzAsMTUuNTY0LTEyLjYxNCwyOC4xNjctMjguMTY3LDI4LjE2N0g4OC43NjdjLTE1LjU1MywwLTI4LjE2Ny0xMi42MDMtMjguMTY3LTI4LjE2N1YxNDAuMTg2YzAtMTUuNTUzLDEyLjYxNC0yOC4xNjcsMjguMTY3LTI4LjE2Nw0KCUM4OC43NjcsMTEyLjAxOSw0NzMuMjI4LDExMi4wMTksNDczLjIyOCwxMTIuMDE5eiIvPg0KPHBhdGggc3R5bGU9Im9wYWNpdHk6MC4xNTtlbmFibGUtYmFja2dyb3VuZDpuZXcgICAgOyIgZD0iTTYxLjU5NSwxNTguMDI1djEwMy44MThoNDMuNzMxYzcuNjg2LDAsMTMuOTE0LTYuMjI4LDEzLjkxNC0xMy45MDMNCgl2LTc2LjAwMmMwLTcuNjg2LTYuMjI4LTEzLjkxNC0xMy45MTQtMTMuOTE0SDYxLjU5NVYxNTguMDI1eiIvPg0KPHBhdGggc3R5bGU9Im9wYWNpdHk6MC4xNTtlbmFibGUtYmFja2dyb3VuZDpuZXcgICAgOyIgZD0iTTYxLjU5NSwyODkuODY0djEwMy44MThoNDMuNzMxYzcuNjg2LDAsMTMuOTE0LTYuMjI4LDEzLjkxNC0xMy45MTQNCgl2LTc2LjAwMmMwLTcuNjc1LTYuMjI4LTEzLjkwMy0xMy45MTQtMTMuOTAzSDYxLjU5NVYyODkuODY0eiIvPg0KPHBhdGggc3R5bGU9Im9wYWNpdHk6MC4xO2VuYWJsZS1iYWNrZ3JvdW5kOm5ldyAgICA7IiBkPSJNMTA1LjMyNiwyNjEuODQzYzcuNjg2LDAsMTMuOTE0LTYuMjI4LDEzLjkxNC0xMy45MDN2LTc2LjAwMg0KCWMwLTcuNjg2LTYuMjI4LTEzLjkxNC0xMy45MTQtMTMuOTE0SDg0LjU1MXYxMDMuODE4aDIwLjc3NVYyNjEuODQzeiIvPg0KPHBhdGggc3R5bGU9Im9wYWNpdHk6MC4xO2VuYWJsZS1iYWNrZ3JvdW5kOm5ldyAgICA7IiBkPSJNMTA1LjMyNiwzOTMuNjgyYzcuNjg2LDAsMTMuOTE0LTYuMjI4LDEzLjkxNC0xMy45MTR2LTc2LjAwMg0KCWMwLTcuNjc1LTYuMjI4LTEzLjkwMy0xMy45MTQtMTMuOTAzSDg0LjU1MXYxMDMuODE4aDIwLjc3NVYzOTMuNjgyeiIvPg0KPHBhdGggc3R5bGU9Im9wYWNpdHk6MC4xNTtlbmFibGUtYmFja2dyb3VuZDpuZXcgICAgOyIgZD0iTTE1NS4yMTMsMTU4LjAyNWMtOS45MDUsMC0xNy45MzQsOC4wMjktMTcuOTM0LDE3LjkzNHY5Ni40OTh2MTAzLjI5MQ0KCWMwLDkuOTA0LDguMDI5LDE3LjkzNCwxNy45MzQsMTcuOTM0aDI4Ni45OTJjOS45MDQsMCwxNy45MzQtOC4wMjksMTcuOTM0LTE3LjkzNFYxNzUuOTU5YzAtOS45MDQtOC4wMjktMTcuOTM0LTE3LjkzNC0xNy45MzQNCglIMTU1LjIxM3oiLz4NCjxwYXRoIHN0eWxlPSJmaWxsOiM2NjY0NUQ7IiBkPSJNMzYwLjY4MiwyMjguMjE5Yy0yLjE3LDAtNC4zMzktMC44MjgtNS45OTQtMi40ODNsLTEzLjUzNy0xMy41MzdjLTMuMzExLTMuMzExLTMuMzExLTguNjc4LDAtMTEuOTg4DQoJYzMuMzEtMy4zMTEsOC42NzgtMy4zMTEsMTEuOTg4LDBsMTMuNTM3LDEzLjUzN2MzLjMxMSwzLjMxMSwzLjMxMSw4LjY3OCwwLDExLjk4OUMzNjUuMDIxLDIyNy4zOTIsMzYyLjg1MiwyMjguMjE5LDM2MC42ODIsMjI4LjIxOQ0KCXoiLz4NCjxwYXRoIHN0eWxlPSJmaWxsOiNFMkUwRTA7IiBkPSJNMTcxLjU3Niw3My43OTJsMTMyLjQxMiwxMzIuNDEyYzExLjkxNywxMS45MTcsMzEuMjQsMTEuOTE3LDQzLjE1NywwbDAsMA0KCWMxMS45MTctMTEuOTE3LDExLjkxNy0zMS4yNCwwLTQzLjE1N0wyMTQuNzMyLDMwLjYzNUwxNzEuNTc2LDczLjc5MnoiLz4NCjxwYXRoIHN0eWxlPSJmaWxsOiM2NjY0NUQ7IiBkPSJNMjkzLjcxNSwxNjEuMjUyYy0yLjE2OSwwLTQuMzM5LTAuODI4LTUuOTk0LTIuNDgzbC0yMC4zNDQtMjAuMzQ0DQoJYy0zLjMxMS0zLjMxMS0zLjMxMS04LjY3OCwwLTExLjk4OWMzLjMxLTMuMzExLDguNjc4LTMuMzExLDExLjk4OSwwbDIwLjM0NCwyMC4zNDRjMy4zMTEsMy4zMTEsMy4zMTEsOC42NzgsMCwxMS45ODgNCglDMjk4LjA1NCwxNjAuNDI1LDI5NS44ODQsMTYxLjI1MiwyOTMuNzE1LDE2MS4yNTJ6Ii8+DQo8cGF0aCBzdHlsZT0ib3BhY2l0eTowLjA1O2VuYWJsZS1iYWNrZ3JvdW5kOm5ldyAgICA7IiBkPSJNNDczLjIyOCwxMTIuMDE5aC00MS44NmMtMTEuMTUzLDExOC4yODMtNDYuMzYxLDIyOS41NjMtMTAwLjY5MSwzMjguODk1DQoJaDE0Mi41NTFjMTUuNTUzLDAsMjguMTY3LTEyLjYwMywyOC4xNjctMjguMTY3VjE0MC4xODZDNTAxLjM5NSwxMjQuNjMzLDQ4OC43ODEsMTEyLjAxOSw0NzMuMjI4LDExMi4wMTl6Ii8+DQo8cGF0aCBzdHlsZT0iZmlsbDojQ0NDQ0NDOyIgZD0iTTQ3My4yMjgsMTEyYzE1LjU1MywwLDI4LjE2NywxMi42MTQsMjguMTY3LDI4LjE2N3YyNzIuNTYxYzAsMTUuNTY0LTEyLjYxNCwyOC4xNjctMjguMTY3LDI4LjE2Nw0KCUg4OC43NjdjLTE1LjU1MywwLTI4LjE2Ny0xMi42MDMtMjguMTY3LTI4LjE2N1YxNDAuMTY3QzYwLjYsMTI0LjYxNCw3My4yMTQsMTEyLDg4Ljc2NywxMTJINDczLjIyOHoiLz4NCjxnPg0KCTxwYXRoIHN0eWxlPSJmaWxsOiNBREFEQUQ7IiBkPSJNNDczLjIyOCwxMTJoLTQxLjg2Yy0xMS4xNTMsMTE4LjI4My00Ni4zNjEsMjI5LjU2My0xMDAuNjkxLDMyOC44OTVoMTQyLjU1MQ0KCQljMTUuNTUzLDAsMjguMTY3LTEyLjYwMywyOC4xNjctMjguMTY3VjE0MC4xNjdDNTAxLjM5NSwxMjQuNjE0LDQ4OC43ODEsMTEyLDQ3My4yMjgsMTEyeiIvPg0KCTxwYXRoIHN0eWxlPSJmaWxsOiNBREFEQUQ7IiBkPSJNNjAuNiwxNTguMDA2djEwMy44MThoNDMuNzMxYzcuNjg2LDAsMTMuOTE0LTYuMjI4LDEzLjkxNC0xMy45MDNWMTcxLjkyDQoJCWMwLTcuNjg2LTYuMjI4LTEzLjkxNC0xMy45MTQtMTMuOTE0SDYwLjZ6Ii8+DQoJPHBhdGggc3R5bGU9ImZpbGw6I0FEQURBRDsiIGQ9Ik02MC42LDI4OS44NDV2MTAzLjgxOGg0My43MzFjNy42ODYsMCwxMy45MTQtNi4yMjgsMTMuOTE0LTEzLjkxNHYtNzYuMDAyDQoJCWMwLTcuNjc1LTYuMjI4LTEzLjkwMy0xMy45MTQtMTMuOTAzSDYwLjZWMjg5Ljg0NXoiLz4NCjwvZz4NCjxnPg0KCTxwYXRoIHN0eWxlPSJmaWxsOiM4MDgwODA7IiBkPSJNMTA0LjMzMSwyNjEuODI0YzcuNjg2LDAsMTMuOTE0LTYuMjI4LDEzLjkxNC0xMy45MDNWMTcxLjkyYzAtNy42ODYtNi4yMjgtMTMuOTE0LTEzLjkxNC0xMy45MTQNCgkJSDgzLjU1NnYxMDMuODE4SDEwNC4zMzF6Ii8+DQoJPHBhdGggc3R5bGU9ImZpbGw6IzgwODA4MDsiIGQ9Ik0xMDQuMzMxLDM5My42NjNjNy42ODYsMCwxMy45MTQtNi4yMjgsMTMuOTE0LTEzLjkxNHYtNzYuMDAyYzAtNy42NzUtNi4yMjgtMTMuOTAzLTEzLjkxNC0xMy45MDMNCgkJSDgzLjU1NnYxMDMuODE4aDIwLjc3NVYzOTMuNjYzeiIvPg0KCTxwYXRoIHN0eWxlPSJmaWxsOiM4MDgwODA7IiBkPSJNMTU1LjIxMywxNTguMDA2Yy05LjkwNCwwLTE3LjkzNCw4LjAyOS0xNy45MzQsMTcuOTM0djk2LjQ5OHYxMDMuMjkxDQoJCWMwLDkuOTA1LDguMDI5LDE3LjkzNCwxNy45MzQsMTcuOTM0aDI4Ni45OTJjOS45MDUsMCwxNy45MzQtOC4wMjksMTcuOTM0LTE3LjkzNFYxNzUuOTRjMC05LjkwNS04LjAyOS0xNy45MzQtMTcuOTM0LTE3LjkzNA0KCQlIMTU1LjIxM3oiLz4NCjwvZz4NCjxwYXRoIHN0eWxlPSJmaWxsOiM2MTYxNjE7IiBkPSJNNDQyLjIwNiwxNTguMDA2aC0xNi40NDNjLTEyLjM4Nyw4My4wNDYtMzYuNjg3LDE2Mi4xOTktNzEuMTI2LDIzNS42NTdoODcuNTY5DQoJYzkuOTA0LDAsMTcuOTM0LTguMDI5LDE3LjkzNC0xNy45MzRWMTc1Ljk0QzQ2MC4xMzksMTY2LjAzNSw0NTIuMTEsMTU4LjAwNiw0NDIuMjA2LDE1OC4wMDZ6Ii8+DQo8cGF0aCBzdHlsZT0iZmlsbDojNEQ0RDREOyIgZD0iTTM2MS4wOTYsMjI3LjQzNmMtMS45MTksMC0zLjgzOS0wLjczMi01LjMwMy0yLjE5N2wtMTMuNTkxLTEzLjU5MQ0KCWMtMi45MjktMi45MjktMi45MjktNy42NzgsMC0xMC42MDdzNy42NzgtMi45MjksMTAuNjA2LDBsMTMuNTkxLDEzLjU5MWMyLjkyOSwyLjkyOSwyLjkyOSw3LjY3OCwwLDEwLjYwNw0KCUMzNjQuOTM1LDIyNi43MDQsMzYzLjAxNiwyMjcuNDM2LDM2MS4wOTYsMjI3LjQzNnoiLz4NCjxwYXRoIHN0eWxlPSJmaWxsOiNFQkVCRUI7IiBkPSJNMTcxLjU3NSw3My43NzNsMTMyLjQxMiwxMzIuNDEyYzExLjkxNywxMS45MTcsMzEuMjQsMTEuOTE3LDQzLjE1NywwbDAsMA0KCWMxMS45MTctMTEuOTE3LDExLjkxNy0zMS4yNCwwLTQzLjE1N0wyMTQuNzMyLDMwLjYxNkwxNzEuNTc1LDczLjc3M3oiLz4NCjxnPg0KCTxwYXRoIHN0eWxlPSJmaWxsOiM0RDRENEQ7IiBkPSJNMTg2LjkwNCwxOC43OTJsLTI3LjE3MiwyNy4xNzJjLTQuNDE0LDQuNDE0LTQuNDE0LDExLjU3MSwwLDE1Ljk4NWwxOC45ODEsMTguOTgxbDQzLjE1Ny00My4xNTcNCgkJbDAsMGwtMTguOTgxLTE4Ljk4MUMxOTguNDc1LDE0LjM3OCwxOTEuMzE4LDE0LjM3OCwxODYuOTA0LDE4Ljc5MnoiLz4NCgk8cGF0aCBzdHlsZT0iZmlsbDojNEQ0RDREOyIgZD0iTTI5My44NjUsMTYwLjIwNWMtMS45MTksMC0zLjgzOS0wLjczMi01LjMwMy0yLjE5N2wtMjAuNDI1LTIwLjQyNQ0KCQljLTIuOTI5LTIuOTI5LTIuOTI5LTcuNjc3LDAtMTAuNjA2czcuNjc4LTIuOTI5LDEwLjYwNiwwbDIwLjQyNSwyMC40MjVjMi45MjksMi45MjksMi45MjksNy42NzcsMCwxMC42MDYNCgkJQzI5Ny43MDQsMTU5LjQ3MiwyOTUuNzg0LDE2MC4yMDUsMjkzLjg2NSwxNjAuMjA1eiIvPg0KPC9nPg0KPGc+DQo8L2c+DQo8Zz4NCjwvZz4NCjxnPg0KPC9nPg0KPGc+DQo8L2c+DQo8Zz4NCjwvZz4NCjxnPg0KPC9nPg0KPGc+DQo8L2c+DQo8Zz4NCjwvZz4NCjxnPg0KPC9nPg0KPGc+DQo8L2c+DQo8Zz4NCjwvZz4NCjxnPg0KPC9nPg0KPGc+DQo8L2c+DQo8Zz4NCjwvZz4NCjxnPg0KPC9nPg0KPC9zdmc+DQo='),
(11, 'Printer', 250, '', 'data:image/svg+xml;base64,PD94bWwgdmVyc2lvbj0iMS4wIiBlbmNvZGluZz0iaXNvLTg4NTktMSI/Pg0KPCEtLSBHZW5lcmF0b3I6IEFkb2JlIElsbHVzdHJhdG9yIDIxLjAuMCwgU1ZHIEV4cG9ydCBQbHVnLUluIC4gU1ZHIFZlcnNpb246IDYuMDAgQnVpbGQgMCkgIC0tPg0KPHN2ZyB2ZXJzaW9uPSIxLjEiIGlkPSJDYXBhXzEiIHhtbG5zPSJodHRwOi8vd3d3LnczLm9yZy8yMDAwL3N2ZyIgeG1sbnM6eGxpbms9Imh0dHA6Ly93d3cudzMub3JnLzE5OTkveGxpbmsiIHg9IjBweCIgeT0iMHB4Ig0KCSB2aWV3Qm94PSIwIDAgNTExLjk5OSA1MTEuOTk5IiBzdHlsZT0iZW5hYmxlLWJhY2tncm91bmQ6bmV3IDAgMCA1MTEuOTk5IDUxMS45OTk7IiB4bWw6c3BhY2U9InByZXNlcnZlIj4NCjxwb2x5Z29uIHN0eWxlPSJmaWxsOiNFQkVCRUI7IiBwb2ludHM9IjQyMi42MjgsMTEzLjgzOSA0MjIuNjI4LDI1NS42MzUgMjU2LjAwNiwyNzcuNzY2IDg5LjM1OCwyNTUuNjM1IDg5LjM1OCwyMy45MDggDQoJMzMyLjY4NCwyMy45MDggMzU3LjI2Miw4OS4yNjIgIi8+DQo8Zz4NCgk8cG9seWdvbiBzdHlsZT0iZmlsbDojQ0NDQ0NDOyIgcG9pbnRzPSI0MjIuNjI4LDExMy44MzkgMzMyLjY4NCwxMTMuODM5IDMzMi42ODQsMjMuOTA4IAkiLz4NCgk8cGF0aCBzdHlsZT0iZmlsbDojQ0NDQ0NDOyIgZD0iTTUxMS45OTksMjk5Ljg5OHYxMzkuMTY3YzAsMjcuMDc4LTIxLjk0OSw0OS4wMjctNDkuMDI3LDQ5LjAyN0g0OS4wMjcNCgkJQzIxLjk0OSw0ODguMDkxLDAsNDY2LjE0MiwwLDQzOS4wNjRWMjk5Ljg5OGwyNTYuMDA2LTIyLjEzMUw1MTEuOTk5LDI5OS44OTh6Ii8+DQo8L2c+DQo8cGF0aCBzdHlsZT0ib3BhY2l0eTowLjE7ZW5hYmxlLWJhY2tncm91bmQ6bmV3ICAgIDsiIGQ9Ik00NjkuOTMzLDI5OC45OTdsMS4xMjQsMTI1LjJjMCwyNy4wNzgtMjEuOTQ5LDQ5LjAyNy00OS4wMjcsNDkuMDI3SDM4LjYxMg0KCWMtMTMuMzM2LDAtMjUuNDIxLTUuMzMyLTM0LjI2LTEzLjk3YzcuNjk2LDE3LjAwMiwyNC43OTcsMjguODM3LDQ0LjY3NSwyOC44MzdoNDEzLjk0NWMyNy4wNzgsMCw0OS4wMjctMjEuOTQ5LDQ5LjAyNy00OS4wMjcNCglWMjk5Ljg5OEw0NjkuOTMzLDI5OC45OTd6Ii8+DQo8cGF0aCBzdHlsZT0iZmlsbDojNEQ0RDREOyIgZD0iTTQ0Ni41NDMsMzkzLjUyMXYzMS4zNThjMCw0LjMxMS0zLjQ5NSw3LjgwNi03LjgwNiw3LjgwNkg3My4yNzZjLTQuMzExLDAtNy44MDYtMy40OTUtNy44MDYtNy44MDYNCgl2LTMxLjM1OGMwLTQuMzExLDMuNDk1LTcuODA2LDcuODA2LTcuODA2aDM2NS40NjFDNDQzLjA0OCwzODUuNzE1LDQ0Ni41NDMsMzg5LjIxLDQ0Ni41NDMsMzkzLjUyMXoiLz4NCjxwYXRoIHN0eWxlPSJmaWxsOiM4MDgwODA7IiBkPSJNNTExLjk5OSwyNjguOTh2MzAuOTE3SDBWMjY4Ljk4YzAtNy4zNyw1Ljk3NS0xMy4zNDUsMTMuMzQ1LTEzLjM0NWg3Ni4wMTNoMzMzLjI3aDc2LjAyNg0KCUM1MDYuMDI1LDI1NS42MzUsNTExLjk5OSwyNjEuNjA5LDUxMS45OTksMjY4Ljk4eiIvPg0KPHBhdGggc3R5bGU9ImZpbGw6I0ZGQTYzODsiIGQ9Ik00OS40NjksMzQ5LjM2N2MtMy40MjQsMC02Ljc4My0xLjM5My05LjIwNC0zLjgxNGMtMi40MjEtMi40MjItMy44MTUtNS43OC0zLjgxNS05LjIwNA0KCXMxLjM5My02Ljc4MywzLjgxNS05LjIwNGMyLjQyMS0yLjQyMSw1Ljc4LTMuODE1LDkuMjA0LTMuODE1YzMuNDI0LDAsNi43ODMsMS4zOTMsOS4yMDQsMy44MTVjMi40MzUsMi40MjEsMy44MTQsNS43OCwzLjgxNCw5LjIwNA0KCXMtMS4zNzksNi43ODMtMy44MTQsOS4yMDRDNTYuMjUzLDM0Ny45NzQsNTIuODk0LDM0OS4zNjcsNDkuNDY5LDM0OS4zNjd6Ii8+DQo8Zz4NCjwvZz4NCjxnPg0KPC9nPg0KPGc+DQo8L2c+DQo8Zz4NCjwvZz4NCjxnPg0KPC9nPg0KPGc+DQo8L2c+DQo8Zz4NCjwvZz4NCjxnPg0KPC9nPg0KPGc+DQo8L2c+DQo8Zz4NCjwvZz4NCjxnPg0KPC9nPg0KPGc+DQo8L2c+DQo8Zz4NCjwvZz4NCjxnPg0KPC9nPg0KPGc+DQo8L2c+DQo8L3N2Zz4NCg=='),
(12, 'iPad', 350, '', 'data:image/svg+xml;base64,PD94bWwgdmVyc2lvbj0iMS4wIiBlbmNvZGluZz0iaXNvLTg4NTktMSI/Pg0KPCEtLSBHZW5lcmF0b3I6IEFkb2JlIElsbHVzdHJhdG9yIDIxLjAuMCwgU1ZHIEV4cG9ydCBQbHVnLUluIC4gU1ZHIFZlcnNpb246IDYuMDAgQnVpbGQgMCkgIC0tPg0KPHN2ZyB2ZXJzaW9uPSIxLjEiIGlkPSJDYXBhXzEiIHhtbG5zPSJodHRwOi8vd3d3LnczLm9yZy8yMDAwL3N2ZyIgeG1sbnM6eGxpbms9Imh0dHA6Ly93d3cudzMub3JnLzE5OTkveGxpbmsiIHg9IjBweCIgeT0iMHB4Ig0KCSB2aWV3Qm94PSIwIDAgNTEyIDUxMiIgc3R5bGU9ImVuYWJsZS1iYWNrZ3JvdW5kOm5ldyAwIDAgNTEyIDUxMjsiIHhtbDpzcGFjZT0icHJlc2VydmUiPg0KPHBhdGggc3R5bGU9ImZpbGw6I0NDQ0NDQzsiIGQ9Ik0zNDguMzE3LDYuODJoLTExNi4zOUgzNS42MjJDMTUuOTQyLDYuODIsMCwyMi43NjMsMCw0Mi40NDNWNTMuODZsMjguMDA0LDIwMi45NDhMMCw0NTguMTQxdjExLjQxNw0KCWMwLDE5LjY4LDE1Ljk0MiwzNS42MjIsMzUuNjIyLDM1LjYyMmgxLjk4M2gzMTAuNzExYzE5LjY4LDAsMzUuNjIyLTE1Ljk0MywzNS42MjItMzUuNjIydi0xMS40MTdMMzUyLjY5LDI1Ni44MDdMMzgzLjk0LDUzLjg2DQoJVjQyLjQ0M0MzODMuOTQsMjIuNzYzLDM2Ny45OTcsNi44MiwzNDguMzE3LDYuODJ6Ii8+DQo8cGF0aCBzdHlsZT0iZmlsbDojQURBREFEOyIgZD0iTTM0OC4zMTcsNi44MkgyMzMuMzczTDM5LjA2OCw1MDUuMThoMzA5LjI0OWMxOS42OCwwLDM1LjYyMi0xNS45NDMsMzUuNjIyLTM1LjYyMnYtMTEuNDE3VjUzLjg2DQoJVjQyLjQ0M0MzODMuOTQsMjIuNzYzLDM2Ny45OTcsNi44MiwzNDguMzE3LDYuODJ6Ii8+DQo8cmVjdCB5PSI1My44NiIgc3R5bGU9ImZpbGw6IzRENEQ0RDsiIHdpZHRoPSIzODMuOTQiIGhlaWdodD0iNDA0LjI4Ii8+DQo8cG9seWdvbiBzdHlsZT0iZmlsbDojM0IzQjNCOyIgcG9pbnRzPSI1Ny40MDgsNDU4LjE0IDM4My45NCw0NTguMTQgMzgzLjk0LDUzLjg2IDIxNS4wMzMsNTMuODYgIi8+DQo8cG9seWdvbiBzdHlsZT0iZmlsbDojMkIyQjJCOyIgcG9pbnRzPSIzODMuOTQsMzA0LjQ4OSAzMDcuOTQsMjI4LjQ4OCAyNDcuNzA1LDIxMy4yMDYgMjYyLjk4NiwyNzMuNDQzIDM4My45NCwzOTQuMzk2ICIvPg0KPHBvbHlnb24gc3R5bGU9ImZpbGw6I0VCRUJFQjsiIHBvaW50cz0iMjg4Ljc0MywxNTguMjQ3IDIyOC41MDgsMTQyLjk2NiAyNDMuNzg5LDIwMy4yMDEgNDQ3Ljg2Miw0MDcuMjc1IDQ0Ny44NjIsNDA3LjI2MiANCgk0ODIuNjY3LDM5OC4zMzMgNDkyLjgwMywzNjIuMzIxICIvPg0KPHBhdGggc3R5bGU9ImZpbGw6IzRENEQ0RDsiIGQ9Ik01MDIuNjk0LDM3Mi4yMTJjMTIuNDA4LDEyLjQwOCwxMi40MDgsMzIuNTMzLDAsNDQuOTQxYy02LjIwNCw2LjIxNy0xNC4zNCw5LjMxOS0yMi40NzcsOS4zMTkNCglzLTE2LjI3My0zLjEwMi0yMi40NzctOS4zMTlsLTkuODc4LTkuODc4di0wLjAxM2w0NC45NDEtNDQuOTQxTDUwMi42OTQsMzcyLjIxMnoiLz4NCjxnPg0KPC9nPg0KPGc+DQo8L2c+DQo8Zz4NCjwvZz4NCjxnPg0KPC9nPg0KPGc+DQo8L2c+DQo8Zz4NCjwvZz4NCjxnPg0KPC9nPg0KPGc+DQo8L2c+DQo8Zz4NCjwvZz4NCjxnPg0KPC9nPg0KPGc+DQo8L2c+DQo8Zz4NCjwvZz4NCjxnPg0KPC9nPg0KPGc+DQo8L2c+DQo8Zz4NCjwvZz4NCjwvc3ZnPg0K');
INSERT INTO `products` (`product_id`, `name`, `price`, `description`, `svg`) VALUES
(13, 'Earphones', 80, '', 'data:image/svg+xml;base64,PD94bWwgdmVyc2lvbj0iMS4wIiBlbmNvZGluZz0iaXNvLTg4NTktMSI/Pg0KPCEtLSBHZW5lcmF0b3I6IEFkb2JlIElsbHVzdHJhdG9yIDIxLjAuMCwgU1ZHIEV4cG9ydCBQbHVnLUluIC4gU1ZHIFZlcnNpb246IDYuMDAgQnVpbGQgMCkgIC0tPg0KPHN2ZyB2ZXJzaW9uPSIxLjEiIGlkPSJDYXBhXzEiIHhtbG5zPSJodHRwOi8vd3d3LnczLm9yZy8yMDAwL3N2ZyIgeG1sbnM6eGxpbms9Imh0dHA6Ly93d3cudzMub3JnLzE5OTkveGxpbmsiIHg9IjBweCIgeT0iMHB4Ig0KCSB2aWV3Qm94PSIwIDAgNTExLjk5OSA1MTEuOTk5IiBzdHlsZT0iZW5hYmxlLWJhY2tncm91bmQ6bmV3IDAgMCA1MTEuOTk5IDUxMS45OTk7IiB4bWw6c3BhY2U9InByZXNlcnZlIj4NCjxwYXRoIHN0eWxlPSJmaWxsOiM0RDRENEQ7IiBkPSJNNDQ4LjQwNiw0MjIuODYySDQzMi44N2MtMy41NDEtMTkuMzg3LTIwLjU1Ny0zNC4xMjctNDAuOTUtMzQuMTI3aC03My43OTF2LTk0LjMxMmgtMTV2OTQuMzEyDQoJSDE1NC40NjJjLTEyLjYsMC0yMi44NTEtMTAuMjUxLTIyLjg1MS0yMi44NTFWMjk3YzAtNC4xNDItMy4zNTctNy41LTcuNS03LjVjLTQuMTQzLDAtNy41LDMuMzU4LTcuNSw3LjV2NjguODg0DQoJYzAsMjAuODcxLDE2Ljk3OSwzNy44NTEsMzcuODUxLDM3Ljg1MUgzOTEuOTJjMTIuMDc5LDAsMjIuMzA1LDguMDg1LDI1LjU1MiwxOS4xMjdIOTIuNDI2Yy0xMy41NDUsMC0yNC41NjQsMTEuMDE5LTI0LjU2NCwyNC41NjMNCglzMTEuMDIsMjQuNTYzLDI0LjU2NCwyNC41NjNIMzkxLjkyYzIwLjM5NCwwLDM3LjQwOS0xNC43NCw0MC45NS0zNC4xMjdoMTUuNTM2YzE2LjYyOSwwLDMwLjE1NywxMy41MjksMzAuMTU3LDMwLjE1OA0KCWMwLDE1Ljk4LTEzLjAwMSwyOC45OC0yOC45OCwyOC45OEgyNS45MzdjLTQuMTQzLDAtNy41LDMuMzU4LTcuNSw3LjVzMy4zNTcsNy41LDcuNSw3LjVoNDIzLjY0NmMyNC4yNTEsMCw0My45OC0xOS43Myw0My45OC00My45ODENCglDNDkzLjU2Myw0NDMuMTE5LDQ3My4zMDYsNDIyLjg2Miw0NDguNDA2LDQyMi44NjJ6IE0zOTEuOTIsNDU2Ljk4OUg5Mi40MjZjLTUuMjczLDAtOS41NjQtNC4yOS05LjU2NC05LjU2Mw0KCXM0LjI5MS05LjU2Myw5LjU2NC05LjU2M2gzMjUuMDQ2QzQxNC4yMjUsNDQ4LjkwNCw0MDMuOTk5LDQ1Ni45ODksMzkxLjkyLDQ1Ni45ODl6Ii8+DQo8cGF0aCBzdHlsZT0iZmlsbDojODA4MDgwOyIgZD0iTTMzMy45OTEsOTQuMTc0djE5Ni42NzJjMCwxMi41MTItMTAuMTUzLDIyLjY1My0yMi42NTMsMjIuNjUzcy0yMi42NTMtMTAuMTQyLTIyLjY1My0yMi42NTNWOTQuMTgNCglMMzMzLjk5MSw5NC4xNzR6Ii8+DQo8cGF0aCBzdHlsZT0iZmlsbDojNjE2MTYxOyIgZD0iTTMxOS4yNjgsOTQuMDc2djE5Mi4yMDZjMCwxMi4xNTMtOS41ODcsMjIuMDQyLTIxLjU5MywyMi42YzMuODAyLDIuODg1LDguNTI2LDQuNjE3LDEzLjY2Miw0LjYxNw0KCWMxMi41LDAsMjIuNjUzLTEwLjE0MSwyMi42NTMtMjIuNjUzVjk0LjE3NEwzMTkuMjY4LDk0LjA3NnoiLz4NCjxwYXRoIHN0eWxlPSJmaWxsOiM4MDgwODA7IiBkPSJNMTQ1LjA0OSwxNDcuNTg1djE0My4yNjFjMCwxMi41MTItMTAuMTQyLDIyLjY1My0yMi42NTMsMjIuNjUzYy0xMi41LDAtMjIuNjUzLTEwLjE0Mi0yMi42NTMtMjIuNjUzDQoJVjE0Ny41ODVIMTQ1LjA0OXoiLz4NCjxwYXRoIHN0eWxlPSJmaWxsOiM2MTYxNjE7IiBkPSJNMTMxLjIyOSwxNDcuNTg1djEzOC41MzFjMCwxMi41MDktMTAuMTM4LDIyLjY1LTIyLjY0NywyMi42NTNjMy44MjcsMi45NTUsOC42MSw0LjczMSwxMy44MTQsNC43MzENCgljMTIuNTEyLDAsMjIuNjUzLTEwLjE0MSwyMi42NTMtMjIuNjUzVjE0Ny41ODVIMTMxLjIyOXoiLz4NCjxwYXRoIHN0eWxlPSJmaWxsOiNFQkVCRUI7IiBkPSJNMzg0LjAzOCwwYy0zLjg3NCwwLTcuNzAzLDAuMjI4LTExLjQ2MywwLjY4M2MtNDYuNjUxLDUuNTcyLTgzLjUzNyw0NC43MjUtODMuODksOTIuNzc4djAuNzA2djAuMDExDQoJYzAsMzQuMTE3LDE4LjE0MSw2My45OTQsNDUuMzA3LDgwLjUxN2MxMS40NzUsNi45NzQsMjQuNTY4LDExLjU3NywzOC41ODQsMTMuMDkzYzMuMzczLDAuMzY1LDYuODE0LDAuNTU4LDEwLjI5LDAuNTU4aDEuMTc0DQoJYzE3Ljg0NSwwLDMyLjI5My0xNC40NiwzMi4yOTMtMzIuMjkzVjMyLjI5M0M0MTYuMzMxLDE0LjQ2LDQwMS44ODIsMCwzODQuMDM4LDB6Ii8+DQo8cGF0aCBzdHlsZT0iZmlsbDojQ0NDQ0NDOyIgZD0iTTQxMC42NTYsMTQuMDExdjEyMS41MzNjMCwxNy44MzMtMTQuNDQ5LDMyLjI5My0zMi4yOTMsMzIuMjkzaC0xLjE3NA0KCWMtMy40NzYsMC02LjkxNy0wLjE5NC0xMC4yOS0wLjU1OGMtNy4wMDgtMC43NTgtMTMuNzg1LTIuMjg4LTIwLjI0NS00LjVjLTEuNjE1LTAuNTUzLTMuMjEtMS4xNDktNC43ODQtMS43ODYNCgljLTAuNzg3LTAuMzE4LTEuNTY5LTAuNjQ3LTIuMzQ1LTAuOTg2Yy0zLjg4MS0xLjY5NC03LjYyNS0zLjY0Mi0xMS4yMTEtNS44MjJjLTE3LjIzOC0xMC40ODQtMzAuODMyLTI2LjM1LTM4LjQ3NC00NS4yNjENCgljNC4zODMsMjcuODY3LDIwLjk3OCw1MS42NzksNDQuMTQ4LDY1Ljc3MmMxMS40NzUsNi45NzQsMjQuNTY4LDExLjU3NywzOC41ODQsMTMuMDkzYzMuMzczLDAuMzY1LDYuODE0LDAuNTU4LDEwLjI5LDAuNTU4aDEuMTc0DQoJYzE3Ljg0NSwwLDMyLjI5My0xNC40NiwzMi4yOTMtMzIuMjkzVjMyLjI5M0M0MTYuMzMxLDI1LjUwNiw0MTQuMjMzLDE5LjIxLDQxMC42NTYsMTQuMDExeiIvPg0KPHBhdGggc3R5bGU9ImZpbGw6I0JBQkFCQTsiIGQ9Ik0zMzMuOTkxLDE3NC42OTdjLTI3LjE2Ni0xNi41MjMtNDUuMzA3LTQ2LjQtNDUuMzA3LTgwLjUxN3YtMC4wMTF2LTAuNzA2DQoJYzAuMzUzLTQ4LjA1MywzNy4yMzktODcuMjA2LDgzLjg5LTkyLjc3OHYwLjAxMVYxODcuNzlDMzU4LjU1OCwxODYuMjc0LDM0NS40NjYsMTgxLjY3MSwzMzMuOTkxLDE3NC42OTd6Ii8+DQo8cGF0aCBzdHlsZT0iZmlsbDojOUU5RTlFOyIgZD0iTTM2Ni45LDE2Ny4yNzljLTcuMDA4LTAuNzU4LTEzLjc4NS0yLjI4Ny0yMC4yNDUtNC41Yy0xLjYxNS0wLjU1My0zLjIxLTEuMTQ5LTQuNzg0LTEuNzg2DQoJYy0wLjc4Ny0wLjMxOC0xLjU2OC0wLjY0Ny0yLjM0NC0wLjk4NmMtMy44ODEtMS42OTQtNy42MjUtMy42NDItMTEuMjExLTUuODIyYy0xNy4yMzgtMTAuNDg0LTMwLjgzMi0yNi4zNS0zOC40NzMtNDUuMjYNCgljMCwwLjAwMiwwLDAuMDA0LDAuMDAxLDAuMDA2YzAuMTI4LDAuODEzLDAuMjY4LDEuNjIyLDAuNDE3LDIuNDI4YzAuMDE4LDAuMDk3LDAuMDM1LDAuMTk0LDAuMDU0LDAuMjkxDQoJYzAuMTQ3LDAuNzg1LDAuMzA0LDEuNTY4LDAuNDcxLDIuMzQ2YzAuMDE5LDAuMDg4LDAuMDM4LDAuMTc1LDAuMDU3LDAuMjYzYzAuOTA0LDQuMTYxLDIuMDgyLDguMjIsMy41MTYsMTIuMTU2DQoJYzAuMDI3LDAuMDczLDAuMDUyLDAuMTQ3LDAuMDc5LDAuMjIxYzAuMjYsMC43MDksMC41MzEsMS40MTQsMC44MDgsMi4xMTVjMC4wNTYsMC4xNDEsMC4xMTEsMC4yODIsMC4xNjgsMC40MjINCgljMC4yNzIsMC42OCwwLjU1MiwxLjM1NywwLjgzOSwyLjAyOWMwLjA1OCwwLjEzNiwwLjExOCwwLjI3MiwwLjE3NywwLjQwOGMwLjI5OSwwLjY5LDAuNjAzLDEuMzc2LDAuOTE4LDIuMDU3DQoJYzAuMDE4LDAuMDM4LDAuMDM2LDAuMDc2LDAuMDU0LDAuMTE0YzEuMDMsMi4yMiwyLjE0NSw0LjM5MiwzLjMzOSw2LjUxNGMwLjA0NSwwLjA4LDAuMDg5LDAuMTYyLDAuMTM0LDAuMjQyDQoJYzAuMzI4LDAuNTc4LDAuNjY1LDEuMTUsMS4wMDUsMS43MjFjMC4xMywwLjIxOCwwLjI1OCwwLjQzNywwLjM5LDAuNjU0YzAuMzE4LDAuNTI1LDAuNjQyLDEuMDQ1LDAuOTcsMS41NjMNCgljMC4xNjEsMC4yNTUsMC4zMjQsMC41MDksMC40ODgsMC43NjNjMC4zMjEsMC40OTYsMC42NDUsMC45OSwwLjk3NCwxLjQ3OWMwLjE3OCwwLjI2NSwwLjM2LDAuNTI2LDAuNTQsMC43ODkNCgljMC4zMzIsMC40ODIsMC42NjQsMC45NjMsMS4wMDQsMS40MzhjMC4xNzQsMC4yNDIsMC4zNTMsMC40ODEsMC41MjgsMC43MjFjMC44MTcsMS4xMTksMS42NTQsMi4yMjIsMi41MTksMy4zMDMNCgljMC4wMzIsMC4wNCwwLjA2MiwwLjA4MSwwLjA5NCwwLjEyYzAuMzIsMC4zOTksMC42NDksMC43ODksMC45NzUsMS4xODJjMC4yNjMsMC4zMTcsMC41MjUsMC42MzYsMC43OTIsMC45NQ0KCWMwLjMxMSwwLjM2NSwwLjYyOSwwLjcyNiwwLjk0NiwxLjA4NmMwLjI5NSwwLjMzNSwwLjU5LDAuNjcsMC44OSwxLjAwMWMwLjMwOSwwLjM0MywwLjYyMiwwLjY4MiwwLjkzNywxLjAyDQoJYzAuMzIxLDAuMzQ0LDAuNjQ0LDAuNjg2LDAuOTY5LDEuMDI1YzAuMzA3LDAuMzIsMC42MTQsMC42MzksMC45MjUsMC45NTRjMC4zNTcsMC4zNjEsMC43MTgsMC43MTcsMS4wOCwxLjA3Mw0KCWMwLjI5LDAuMjg0LDAuNTc3LDAuNTcxLDAuODcxLDAuODUyYzAuNDY4LDAuNDQ4LDAuOTQ0LDAuODg4LDEuNDIyLDEuMzI2YzAuMTk3LDAuMTgxLDAuMzg5LDAuMzY2LDAuNTg3LDAuNTQ1DQoJYzAuNjY3LDAuNjAyLDEuMzQ0LDEuMTk0LDIuMDI5LDEuNzc3YzAuMjQ2LDAuMjEsMC40OTgsMC40MTQsMC43NDcsMC42MjFjMC40NjQsMC4zODcsMC45MjksMC43NzMsMS40LDEuMTUxDQoJYzAuMjg0LDAuMjI4LDAuNTcyLDAuNDUxLDAuODU4LDAuNjc2YzAuNDQ4LDAuMzUxLDAuODk3LDAuNjk5LDEuMzUxLDEuMDQyYzAuMjk1LDAuMjIzLDAuNTkzLDAuNDQ0LDAuODkxLDAuNjY0DQoJYzAuNDY0LDAuMzQyLDAuOTMyLDAuNjc5LDEuNDAzLDEuMDEyYzAuMjg4LDAuMjA1LDAuNTc2LDAuNDEsMC44NjcsMC42MTFjMC41MTYsMC4zNTcsMS4wMzgsMC43MDcsMS41NjIsMS4wNTQNCgljMC4yNSwwLjE2NiwwLjQ5OCwwLjMzNSwwLjc1LDAuNDk4YzAuNzc3LDAuNTA1LDEuNTYsMSwyLjM1MywxLjQ4MmM2LjQ1NSwzLjkyMywxMy40MjEsNy4wOTYsMjAuNzc2LDkuMzkxDQoJYzUuNzIsMS43ODUsMTEuNjc2LDMuMDM5LDE3LjgwOCwzLjcwMnYtMjAuMDcyQzM3MC42NjUsMTY3LjYyNSwzNjguNzcxLDE2Ny40ODEsMzY2LjksMTY3LjI3OXoiLz4NCjxwYXRoIHN0eWxlPSJmaWxsOiNFQkVCRUI7IiBkPSJNMTIyLjM5NywwYzUyLjAwNywwLDk0LjE4LDQyLjE2Miw5NC4xOCw5NC4xOGMwLDQ0LjIwMS0zMC40NTksODEuMjgxLTcxLjUyNiw5MS40MjINCgljLTcuMjU5LDEuOC0xNC44NDgsMi43NDYtMjIuNjUzLDIuNzQ2Yy03LjgxNywwLTE1LjQwNi0wLjk0Ni0yMi42NTMtMi43NDZDNTguNjc1LDE3NS40NiwyOC4yMjksMTM4LjM3LDI4LjIyOSw5NC4xOA0KCUMyOC4yMjksNDIuMTYyLDcwLjM5LDAsMTIyLjM5NywweiIvPg0KPHBhdGggc3R5bGU9ImZpbGw6I0NDQ0NDQzsiIGQ9Ik0xNjYuOTY0LDExLjIwMmMyMS43ODksMTcuMjQ5LDM1Ljc4Niw0My45MTIsMzUuNzg2LDczLjg2MmMwLDQ0LjIwMS0zMC40NTksODEuMjgxLTcxLjUyNiw5MS40MjINCgljLTcuMjU5LDEuOC0xNC44NDgsMi43NDYtMjIuNjUzLDIuNzQ2Yy03LjgxNywwLTE1LjQwNi0wLjk0Ni0yMi42NTMtMi43NDZjLTcuNzI5LTEuOTA5LTE1LjA4Mi00Ljc3NC0yMS45MjctOC40Ng0KCWMxMC4zNzIsOC4yMTQsMjIuNTA0LDE0LjMwNCwzNS43NTMsMTcuNTc2YzcuMjQ3LDEuOCwxNC44MzYsMi43NDYsMjIuNjUzLDIuNzQ2YzcuODA2LDAsMTUuMzk1LTAuOTQ2LDIyLjY1My0yLjc0Ng0KCWM0MS4wNjctMTAuMTQyLDcxLjUyNi00Ny4yMjEsNzEuNTI2LTkxLjQyMkMyMTYuNTc2LDU4LjI4OSwxOTYuNDk1LDI3LjA5NywxNjYuOTY0LDExLjIwMnoiLz4NCjxnPg0KPC9nPg0KPGc+DQo8L2c+DQo8Zz4NCjwvZz4NCjxnPg0KPC9nPg0KPGc+DQo8L2c+DQo8Zz4NCjwvZz4NCjxnPg0KPC9nPg0KPGc+DQo8L2c+DQo8Zz4NCjwvZz4NCjxnPg0KPC9nPg0KPGc+DQo8L2c+DQo8Zz4NCjwvZz4NCjxnPg0KPC9nPg0KPGc+DQo8L2c+DQo8Zz4NCjwvZz4NCjwvc3ZnPg0K'),
(14, 'Cable', 25, '', 'data:image/svg+xml;base64,PD94bWwgdmVyc2lvbj0iMS4wIiBlbmNvZGluZz0iaXNvLTg4NTktMSI/Pg0KPCEtLSBHZW5lcmF0b3I6IEFkb2JlIElsbHVzdHJhdG9yIDIxLjAuMCwgU1ZHIEV4cG9ydCBQbHVnLUluIC4gU1ZHIFZlcnNpb246IDYuMDAgQnVpbGQgMCkgIC0tPg0KPHN2ZyB2ZXJzaW9uPSIxLjEiIGlkPSJDYXBhXzEiIHhtbG5zPSJodHRwOi8vd3d3LnczLm9yZy8yMDAwL3N2ZyIgeG1sbnM6eGxpbms9Imh0dHA6Ly93d3cudzMub3JnLzE5OTkveGxpbmsiIHg9IjBweCIgeT0iMHB4Ig0KCSB2aWV3Qm94PSIwIDAgNTEyIDUxMiIgc3R5bGU9ImVuYWJsZS1iYWNrZ3JvdW5kOm5ldyAwIDAgNTEyIDUxMjsiIHhtbDpzcGFjZT0icHJlc2VydmUiPg0KPHBhdGggc3R5bGU9ImZpbGw6IzRENEQ0RDsiIGQ9Ik0xODguMjg3LDUxMmMtNDEuNDczLDAtNzUuMjEzLTMzLjc0LTc1LjIxMy03NS4yMTNWMjQ2Ljc1YzAtNC4xNDIsMy4zNTgtNy41LDcuNS03LjUNCglzNy41LDMuMzU4LDcuNSw3LjV2MTkwLjAzN2MwLDMzLjIwMiwyNy4wMTEsNjAuMjEzLDYwLjIxMyw2MC4yMTNjMTYuMDgyLDAsMzEuMjA0LTYuMjY2LDQyLjU4Mi0xNy42NDQNCgljMTEuMzctMTEuMzcsMTcuNjMxLTI2LjQ4OCwxNy42MzEtNDIuNTY5Vjc1LjIxM0MyNDguNSwzMy43NCwyODIuMjQsMCwzMjMuNzEzLDBjMjAuMDg4LDAsMzguOTc4LDcuODI2LDUzLjE4OSwyMi4wMzcNCgljMTQuMjAzLDE0LjIwMiwyMi4wMjQsMzMuMDg3LDIyLjAyNCw1My4xNzZWMjU2YzAsNC4xNDItMy4zNTgsNy41LTcuNSw3LjVzLTcuNS0zLjM1OC03LjUtNy41Vjc1LjIxMw0KCWMwLTE2LjA4Mi02LjI2MS0zMS4yLTE3LjYzLTQyLjU2OUMzNTQuOTE4LDIxLjI2NiwzMzkuNzk0LDE1LDMyMy43MTMsMTVDMjkwLjUxMSwxNSwyNjMuNSw0Mi4wMTEsMjYzLjUsNzUuMjEzdjM2MS41NzQNCgljMCwyMC4wODgtNy44MjIsMzguOTczLTIyLjAyNCw1My4xNzZDMjI3LjI2NSw1MDQuMTc0LDIwOC4zNzYsNTEyLDE4OC4yODcsNTEyeiIvPg0KPGc+DQoJPHJlY3QgeD0iMTEzLjA3IiB5PSIyNDYuNzUiIHN0eWxlPSJmaWxsOiMzQjNCM0I7IiB3aWR0aD0iMTUiIGhlaWdodD0iMjYuODc1Ii8+DQoJPHJlY3QgeD0iMzgzLjkzIiB5PSIyMzUuMzEiIHN0eWxlPSJmaWxsOiMzQjNCM0I7IiB3aWR0aD0iMTUiIGhlaWdodD0iMjYuODc1Ii8+DQo8L2c+DQo8cmVjdCB4PSIzNjEuOSIgeT0iMzg1IiBzdHlsZT0iZmlsbDojQ0NDQ0NDOyIgd2lkdGg9IjU3Ljk4MyIgaGVpZ2h0PSIzOS45NDQiLz4NCjxyZWN0IHg9IjM2MS45IiB5PSIzODUiIHN0eWxlPSJmaWxsOiNBREFEQUQ7IiB3aWR0aD0iNTcuOTgzIiBoZWlnaHQ9IjIyLjE5Ii8+DQo8cGF0aCBzdHlsZT0iZmlsbDojQTZFMkUzOyIgZD0iTTQzMi44MDIsMjk4LjY3OHY4Ni45NzdjMCwzLjYxNi0yLjkzMiw2LjU0OC02LjU0OCw2LjU0OGgtNzAuNzIxYy0zLjYxNywwLTYuNTQ4LTIuOTMyLTYuNTQ4LTYuNTQ4DQoJdi04Ny43NDZjMC0yMy40MzksMTkuMjM5LTQyLjM5LDQyLjgwMy00MS44OTlDNDE0LjcwOSwyNTYuNDg2LDQzMi44MDIsMjc1Ljc1MSw0MzIuODAyLDI5OC42Nzh6Ii8+DQo8cmVjdCB4PSI5Mi4xMSIgeT0iODcuMDYiIHN0eWxlPSJmaWxsOiNDQ0NDQ0M7IiB3aWR0aD0iNTcuOTgzIiBoZWlnaHQ9IjM2LjI4Ii8+DQo8cmVjdCB4PSI5Mi4xMSIgeT0iMTA1LjQzIiBzdHlsZT0iZmlsbDojQURBREFEOyIgd2lkdGg9IjU3Ljk4MyIgaGVpZ2h0PSIxNy45MDciLz4NCjxwYXRoIHN0eWxlPSJmaWxsOiNGRkE2Mzg7IiBkPSJNMTYzLjAxNSwxMjYuMzQ1djg2Ljk3N2MwLDIyLjkyNy0xOC4wOTMsNDIuMTkxLTQxLjAxNSw0Mi42NjgNCgljLTIzLjU2NCwwLjQ5LTQyLjgwMy0xOC40NjEtNDIuODAzLTQxLjg5OXYtODcuNzQ2YzAtMy42MTYsMi45MzItNi41NDgsNi41NDgtNi41NDhsMCwwaDcwLjcyMWwwLDANCglDMTYwLjA4MywxMTkuNzk3LDE2My4wMTUsMTIyLjcyOSwxNjMuMDE1LDEyNi4zNDV6Ii8+DQo8cGF0aCBzdHlsZT0iZmlsbDojN0NDQkNDOyIgZD0iTTM5MS43ODcsMjU2LjAwOWMtNS4wNjYtMC4xMDUtOS45MywwLjY5My0xNC40NDcsMi4yMzZjMC4zOTYtMC4wODEsMC43ODEtMC4xNjYsMS4xNDItMC4yNTcNCgljMi45ODItMC43NTUsNS4yMDEtMC44OTYsNy41MTMtMC44NWMxOC45NTQsMC4zOTUsMzQuMzc1LDE2LjQ5NCwzNC4zNzUsMzUuODg4djg2Ljk4MWMwLDMuNjE0LTIuOTMsNi41NDQtNi41NDQsNi41NDRIMzU1LjUzDQoJYy0zLjYxNCwwLTYuNTQ0LTIuOTMtNi41NDQtNi41NDRsMCwwdjUuNjQ4YzAsMy42MTYsMi45MzIsNi41NDgsNi41NDgsNi41NDhoNzAuNzIxYzMuNjE3LDAsNi41NDgtMi45MzIsNi41NDgtNi41NDh2LTg2Ljk3Nw0KCUM0MzIuODAyLDI3NS43NTEsNDE0LjcwOSwyNTYuNDg2LDM5MS43ODcsMjU2LjAwOXoiLz4NCjxwYXRoIHN0eWxlPSJmaWxsOiNFQjcxMDA7IiBkPSJNNzkuNTI3LDIxNy4xNTNsLTAuMjMtMC4zMjJjMC4wODEsMS4yNjEsMC4yMDksMi41MDksMC4zOTksMy43MzcNCglDNzkuNTg2LDIxOS40NDQsNzkuNTI3LDIxOC4zMDUsNzkuNTI3LDIxNy4xNTN6Ii8+DQo8cGF0aCBzdHlsZT0iZmlsbDojRUQ4MzAwOyIgZD0iTTE1Ni40NjcsMTE5Ljc5N2gtMTEuMTg4YzIuNjEzLDAuODU4LDQuNTAyLDMuMzE0LDQuNTAyLDYuMjE1djkwLjM3Mg0KCWMwLDE5LjM5NS0xNS40MiwzNS40OTQtMzQuMzc1LDM1Ljg4OGMtMC4yNTEsMC4wMDUtMC41MDMsMC4wMDgtMC43NTMsMC4wMDhjLTkuNjUxLDAtMTguNDA1LTMuOTE0LTI0Ljc2LTEwLjIzNg0KCWM3Ljg1Niw4Ljc2NiwxOS4zNDIsMTQuMjEyLDMyLjEwNiwxMy45NDdjMjIuOTIyLTAuNDc3LDQxLjAxNS0xOS43NDEsNDEuMDE1LTQyLjY2OHYtODYuOTc3DQoJQzE2My4wMTUsMTIyLjcyOCwxNjAuMDgzLDExOS43OTcsMTU2LjQ2NywxMTkuNzk3eiIvPg0KPGc+DQo8L2c+DQo8Zz4NCjwvZz4NCjxnPg0KPC9nPg0KPGc+DQo8L2c+DQo8Zz4NCjwvZz4NCjxnPg0KPC9nPg0KPGc+DQo8L2c+DQo8Zz4NCjwvZz4NCjxnPg0KPC9nPg0KPGc+DQo8L2c+DQo8Zz4NCjwvZz4NCjxnPg0KPC9nPg0KPGc+DQo8L2c+DQo8Zz4NCjwvZz4NCjxnPg0KPC9nPg0KPC9zdmc+DQo='),
(15, 'Monitor', 300, '', 'data:image/svg+xml;base64,PD94bWwgdmVyc2lvbj0iMS4wIiBlbmNvZGluZz0iaXNvLTg4NTktMSI/Pg0KPCEtLSBHZW5lcmF0b3I6IEFkb2JlIElsbHVzdHJhdG9yIDIxLjAuMCwgU1ZHIEV4cG9ydCBQbHVnLUluIC4gU1ZHIFZlcnNpb246IDYuMDAgQnVpbGQgMCkgIC0tPg0KPHN2ZyB2ZXJzaW9uPSIxLjEiIGlkPSJDYXBhXzEiIHhtbG5zPSJodHRwOi8vd3d3LnczLm9yZy8yMDAwL3N2ZyIgeG1sbnM6eGxpbms9Imh0dHA6Ly93d3cudzMub3JnLzE5OTkveGxpbmsiIHg9IjBweCIgeT0iMHB4Ig0KCSB2aWV3Qm94PSIwIDAgNTEyIDUxMiIgc3R5bGU9ImVuYWJsZS1iYWNrZ3JvdW5kOm5ldyAwIDAgNTEyIDUxMjsiIHhtbDpzcGFjZT0icHJlc2VydmUiPg0KPHBhdGggc3R5bGU9ImZpbGw6IzRENEQ0RDsiIGQ9Ik00OTcuNzAyLDUwLjA3NkgzMTRIMTQuMjk4QzYuNDAzLDUwLjA3NiwwLDU2LjQ3OSwwLDY0LjM3NHYyNjEuOTk1bDI1MS40ODMsMzYuMDUxTDUxMiwzMjYuMzY5DQoJVjY0LjM3NEM1MTEuOTk5LDU2LjQ3OSw1MDUuNTk2LDUwLjA3Niw0OTcuNzAyLDUwLjA3NnoiLz4NCjxwYXRoIHN0eWxlPSJmaWxsOiMzQjNCM0I7IiBkPSJNNDk3LjcwMiw1MC4wNzZIMzE0bC0xOTYuNDcyLDMyNC43Nmg5Mi45MjJoOTEuMTExaDE5Ni4xNDFjNy44OTQsMCwxNC4yOTctNi40MDMsMTQuMjk3LTE0LjMwOQ0KCVYzMjYuMzdWNjQuMzc0QzUxMS45OTksNTYuNDc5LDUwNS41OTYsNTAuMDc2LDQ5Ny43MDIsNTAuMDc2eiIvPg0KPHBvbHlnb24gc3R5bGU9ImZpbGw6IzgwODA4MDsiIHBvaW50cz0iMzAxLjU2MSwzNjcuNzM0IDMxMi4yODQsNDU2LjM3MiAxOTkuNzI3LDQ1Ni4zNzIgMjEwLjQ1LDM2Ny43MzQgIi8+DQo8cG9seWdvbiBzdHlsZT0iZmlsbDojNjE2MTYxOyIgcG9pbnRzPSIzMDguNjc2LDQyNi41NDggMzAxLjU2MSwzNjcuNzM0IDIxMC40NSwzNjcuNzM0IDIwMy4zMzUsNDI2LjU0OCAiLz4NCjxwYXRoIHN0eWxlPSJmaWxsOiNDQ0NDQ0M7IiBkPSJNMTQ2Ljg0NSwzMjYuMzY5SDB2MzQuMTU4YzAsNy45MDYsNi40MDMsMTQuMzA5LDE0LjI5OCwxNC4zMDloMTAzLjIzMWg5Mi45MjJoOTEuMTExaDE5Ni4xNDENCgljNy44OTQsMCwxNC4yOTctNi40MDMsMTQuMjk3LTE0LjMwOXYtMzQuMTU4SDE0Ni44NDV6Ii8+DQo8cGF0aCBzdHlsZT0iZmlsbDojQURBREFEOyIgZD0iTTE0Ni44NSwzMjYuMzY5bC0yOS4zMjIsNDguNDY3aDM4MC4xNzRjNy44OTQsMCwxNC4yOTctNi40MDMsMTQuMjk3LTE0LjMwOVYzMjYuMzdMMTQ2Ljg1LDMyNi4zNjkNCglMMTQ2Ljg1LDMyNi4zNjl6Ii8+DQo8cGF0aCBzdHlsZT0iZmlsbDojQ0NDQ0NDOyIgZD0iTTM1Mi4zMDgsNDYxLjkyM0gxNTkuNjk2Yy00LjE0MiwwLTcuNS0zLjM1OC03LjUtNy41czMuMzU4LTcuNSw3LjUtNy41aDE5Mi42MTENCgljNC4xNDIsMCw3LjUsMy4zNTgsNy41LDcuNVMzNTYuNDUsNDYxLjkyMywzNTIuMzA4LDQ2MS45MjN6Ii8+DQo8Zz4NCjwvZz4NCjxnPg0KPC9nPg0KPGc+DQo8L2c+DQo8Zz4NCjwvZz4NCjxnPg0KPC9nPg0KPGc+DQo8L2c+DQo8Zz4NCjwvZz4NCjxnPg0KPC9nPg0KPGc+DQo8L2c+DQo8Zz4NCjwvZz4NCjxnPg0KPC9nPg0KPGc+DQo8L2c+DQo8Zz4NCjwvZz4NCjxnPg0KPC9nPg0KPGc+DQo8L2c+DQo8L3N2Zz4NCg==');

-- --------------------------------------------------------

--
-- Struktura tabeli dla tabeli `shipping`
--

CREATE TABLE `shipping` (
  `shipping_id` int(11) NOT NULL,
  `user_id` int(11) NOT NULL,
  `status_id` int(11) NOT NULL
) ENGINE=InnoDB DEFAULT CHARSET=utf16 COLLATE=utf16_persian_ci;

--
-- Zrzut danych tabeli `shipping`
--

INSERT INTO `shipping` (`shipping_id`, `user_id`, `status_id`) VALUES
(1, 1, 1),
(2, 1, 2),
(4, 1, 1),
(5, 1, 1),
(6, 1, 1),
(7, 1, 1),
(8, 1, 1);

-- --------------------------------------------------------

--
-- Struktura tabeli dla tabeli `statuses`
--

CREATE TABLE `statuses` (
  `status_id` int(11) NOT NULL,
  `status` text COLLATE utf16_persian_ci NOT NULL
) ENGINE=InnoDB DEFAULT CHARSET=utf16 COLLATE=utf16_persian_ci;

--
-- Zrzut danych tabeli `statuses`
--

INSERT INTO `statuses` (`status_id`, `status`) VALUES
(1, 'Prepare'),
(2, 'Sent'),
(3, 'Delivered');

-- --------------------------------------------------------

--
-- Struktura tabeli dla tabeli `users`
--

CREATE TABLE `users` (
  `user_id` int(11) NOT NULL,
  `email` text COLLATE utf16_persian_ci NOT NULL,
  `password` text COLLATE utf16_persian_ci NOT NULL,
  `fname` text COLLATE utf16_persian_ci NOT NULL,
  `lname` text COLLATE utf16_persian_ci NOT NULL
) ENGINE=InnoDB DEFAULT CHARSET=utf16 COLLATE=utf16_persian_ci;

--
-- Zrzut danych tabeli `users`
--

INSERT INTO `users` (`user_id`, `email`, `password`, `fname`, `lname`) VALUES
(1, 'email@example.com', '$2a$10$Z74bHD1Fqj3Im/NHeYw8beWoT7Jh5eJMECc/j3wY2oG5BQMDBnHLm', 'Joe', 'Doee'),
(2, 'email@domain.com', '$2a$10$zxmu/QAQ7fUiGvdrpqurl.v76oOgtYQ1WmtTLJJnUUSIkxPcGElBC', 'Foo', 'Bar'),
(3, 'email2@example.com', '123456', 'John', 'Smith'),
(4, 'email3@example.com', '123456', 'John', 'Smith'),
(5, 'email6@example.com', '123456', 'John', 'Smith'),
(6, 'email6234@example.com', '123456', 'John', 'Smith'),
(7, 'email623234@example.com', '123456', 'John', 'Smith'),
(8, 'e@example.com', '123456', 'John', 'Smith'),
(9, 'esd@example.com', '123456', 'John', 'Smith'),
(10, 'e22sd@example.com', '123456', 'John', 'Smith'),
(11, 'e22sdsd@example.com', '123456', 'John', 'Smith'),
(12, 'e22ssddd@example.com', '$2a$10$zxmu/QAQ7fUiGvdrpqurl.v76oOgtYQ1WmtTLJJnUUSIkxPcGElBC', 'John', 'Smith');

--
-- Indeksy dla zrzutw tabel
--

--
-- Indeksy dla tabeli `address`
--
ALTER TABLE `address`
  ADD PRIMARY KEY (`address_id`),
  ADD KEY `user_id` (`user_id`);

--
-- Indeksy dla tabeli `carts`
--
ALTER TABLE `carts`
  ADD PRIMARY KEY (`cart_id`),
  ADD KEY `item_id` (`product_id`),
  ADD KEY `user_id` (`user_id`);

--
-- Indeksy dla tabeli `orders`
--
ALTER TABLE `orders`
  ADD PRIMARY KEY (`order_id`),
  ADD KEY `orders_ibfk_1` (`shipping_id`),
  ADD KEY `product_id` (`product_id`);

--
-- Indeksy dla tabeli `payments`
--
ALTER TABLE `payments`
  ADD KEY `user_id` (`user_id`);

--
-- Indeksy dla tabeli `products`
--
ALTER TABLE `products`
  ADD PRIMARY KEY (`product_id`);

--
-- Indeksy dla tabeli `shipping`
--
ALTER TABLE `shipping`
  ADD PRIMARY KEY (`shipping_id`),
  ADD KEY `status_id` (`status_id`),
  ADD KEY `user_id` (`user_id`);

--
-- Indeksy dla tabeli `statuses`
--
ALTER TABLE `statuses`
  ADD PRIMARY KEY (`status_id`);

--
-- Indeksy dla tabeli `users`
--
ALTER TABLE `users`
  ADD PRIMARY KEY (`user_id`);

--
-- AUTO_INCREMENT for dumped tables
--

--
-- AUTO_INCREMENT dla tabeli `address`
--
ALTER TABLE `address`
  MODIFY `address_id` int(11) NOT NULL AUTO_INCREMENT, AUTO_INCREMENT=4;

--
-- AUTO_INCREMENT dla tabeli `carts`
--
ALTER TABLE `carts`
  MODIFY `cart_id` int(11) NOT NULL AUTO_INCREMENT, AUTO_INCREMENT=175;

--
-- AUTO_INCREMENT dla tabeli `orders`
--
ALTER TABLE `orders`
  MODIFY `order_id` int(11) NOT NULL AUTO_INCREMENT, AUTO_INCREMENT=60;

--
-- AUTO_INCREMENT dla tabeli `products`
--
ALTER TABLE `products`
  MODIFY `product_id` int(11) NOT NULL AUTO_INCREMENT, AUTO_INCREMENT=16;

--
-- AUTO_INCREMENT dla tabeli `shipping`
--
ALTER TABLE `shipping`
  MODIFY `shipping_id` int(11) NOT NULL AUTO_INCREMENT, AUTO_INCREMENT=9;

--
-- AUTO_INCREMENT dla tabeli `statuses`
--
ALTER TABLE `statuses`
  MODIFY `status_id` int(11) NOT NULL AUTO_INCREMENT, AUTO_INCREMENT=4;

--
-- AUTO_INCREMENT dla tabeli `users`
--
ALTER TABLE `users`
  MODIFY `user_id` int(11) NOT NULL AUTO_INCREMENT, AUTO_INCREMENT=13;

--
-- Ograniczenia dla zrzutw tabel
--

--
-- Ograniczenia dla tabeli `address`
--
ALTER TABLE `address`
  ADD CONSTRAINT `address_ibfk_1` FOREIGN KEY (`user_id`) REFERENCES `users` (`user_id`);

--
-- Ograniczenia dla tabeli `carts`
--
ALTER TABLE `carts`
  ADD CONSTRAINT `carts_ibfk_1` FOREIGN KEY (`product_id`) REFERENCES `products` (`product_id`),
  ADD CONSTRAINT `carts_ibfk_2` FOREIGN KEY (`user_id`) REFERENCES `users` (`user_id`);

--
-- Ograniczenia dla tabeli `orders`
--
ALTER TABLE `orders`
  ADD CONSTRAINT `orders_ibfk_1` FOREIGN KEY (`shipping_id`) REFERENCES `shipping` (`shipping_id`),
  ADD CONSTRAINT `orders_ibfk_2` FOREIGN KEY (`product_id`) REFERENCES `products` (`product_id`);

--
-- Ograniczenia dla tabeli `payments`
--
ALTER TABLE `payments`
  ADD CONSTRAINT `payments_ibfk_1` FOREIGN KEY (`user_id`) REFERENCES `users` (`user_id`);

--
-- Ograniczenia dla tabeli `shipping`
--
ALTER TABLE `shipping`
  ADD CONSTRAINT `shipping_ibfk_1` FOREIGN KEY (`status_id`) REFERENCES `statuses` (`status_id`),
  ADD CONSTRAINT `shipping_ibfk_2` FOREIGN KEY (`user_id`) REFERENCES `users` (`user_id`);
COMMIT;

/*!40101 SET CHARACTER_SET_CLIENT=@OLD_CHARACTER_SET_CLIENT */;
/*!40101 SET CHARACTER_SET_RESULTS=@OLD_CHARACTER_SET_RESULTS */;
/*!40101 SET COLLATION_CONNECTION=@OLD_COLLATION_CONNECTION */;
